Zeitstempel_PC,DMM_Zeit_Rel_S,Spannung_Soll_V,Spannung_Ist_V,Strom_Ist_A,Strom_SMU_A,Modus
2026-06-30 17:02:14.881,0.0,-20.0,-20.0,1.4e-06,1.4e-06,Einfache Sonde
2026-06-30 17:02:14.912,0.0,-19.95,-19.95,1.3e-06,1.3e-06,Einfache Sonde
2026-06-30 17:02:14.942,0.0,-19.9,-19.9,1.8e-06,1.8e-06,Einfache Sonde
2026-06-30 17:02:14.973,0.0,-19.85,-19.85,1.4e-06,1.4e-06,Einfache Sonde
2026-06-30 17:02:15.003,0.0,-19.8,-19.8,1.8e-06,1.8e-06,Einfache Sonde
2026-06-30 17:02:15.033,0.0,-19.75,-19.75,1.4e-06,1.4e-06,Einfache Sonde
2026-06-30 17:02:15.064,0.0,-19.7,-19.7,1.5e-06,1.5e-06,Einfache Sonde
2026-06-30 17:02:15.094,0.0,-19.65,-19.65,1.2e-06,1.2e-06,Einfache Sonde
2026-06-30 17:02:15.124,0.0,-19.6,-19.6,1.8e-06,1.8e-06,Einfache Sonde
2026-06-30 17:02:15.154,0.0,-19.55,-19.55,1.3e-06,1.3e-06,Einfache Sonde
2026-06-30 17:02:15.185,0.0,-19.5,-19.5,1.7e-06,1.7e-06,Einfache Sonde
2026-06-30 17:02:15.215,0.0,-19.45,-19.45,1.5e-06,1.5e-06,Einfache Sonde
2026-06-30 17:02:15.245,0.0,-19.4,-19.4,1.7e-06,1.7e-06,Einfache Sonde
2026-06-30 17:02:15.276,0.0,-19.35,-19.35,2e-06,2e-06,Einfache Sonde
2026-06-30 17:02:15.306,0.0,-19.3,-19.3,1.6e-06,1.6e-06,Einfache Sonde
2026-06-30 17:02:15.336,0.0,-19.25,-19.25,1.8e-06,1.8e-06,Einfache Sonde
2026-06-30 17:02:15.367,0.0,-19.2,-19.2,1.3e-06,1.3e-06,Einfache Sonde
2026-06-30 17:02:15.405,0.0,-19.15,-19.15,1.7e-06,1.7e-06,Einfache Sonde
2026-06-30 17:02:15.435,0.0,-19.1,-19.1,1.6e-06,1.6e-06,Einfache Sonde
2026-06-30 17:02:15.466,0.0,-19.05,-19.05,1.4e-06,1.4e-06,Einfache Sonde
2026-06-30 17:02:15.496,0.0,-19.0,-19.0,2e-06,2e-06,Einfache Sonde
2026-06-30 17:02:15.527,0.0,-18.95,-18.95,1.5e-06,1.5e-06,Einfache Sonde
2026-06-30 17:02:15.557,0.0,-18.9,-18.90001,1.9e-06,1.9e-06,Einfache Sonde
2026-06-30 17:02:15.587,0.0,-18.85,-18.85,1.3e-06,1.3e-06,Einfache Sonde
2026-06-30 17:02:15.618,0.0,-18.8,-18.8,1.8e-06,1.8e-06,Einfache Sonde
2026-06-30 17:02:15.648,0.0,-18.75,-18.75,1.4e-06,1.4e-06,Einfache Sonde
2026-06-30 17:02:15.679,0.0,-18.7,-18.7,1.5e-06,1.5e-06,Einfache Sonde
2026-06-30 17:02:15.709,0.0,-18.65,-18.65,1.3e-06,1.3e-06,Einfache Sonde
2026-06-30 17:02:15.739,0.0,-18.6,-18.6,1.8e-06,1.8e-06,Einfache Sonde
2026-06-30 17:02:15.770,0.0,-18.55,-18.55,1.8e-06,1.8e-06,Einfache Sonde
2026-06-30 17:02:15.800,0.0,-18.5,-18.5,2.1e-06,2.1e-06,Einfache Sonde
2026-06-30 17:02:15.831,0.0,-18.45,-18.45,1.7e-06,1.7e-06,Einfache Sonde
2026-06-30 17:02:15.861,0.0,-18.4,-18.4,1.6e-06,1.6e-06,Einfache Sonde
2026-06-30 17:02:15.891,0.0,-18.35,-18.35,1.7e-06,1.7e-06,Einfache Sonde
2026-06-30 17:02:15.930,0.0,-18.3,-18.3,1.9e-06,1.9e-06,Einfache Sonde
2026-06-30 17:02:15.960,0.0,-18.25,-18.25,1.9e-06,1.9e-06,Einfache Sonde
2026-06-30 17:02:15.990,0.0,-18.2,-18.2,1.7e-06,1.7e-06,Einfache Sonde
2026-06-30 17:02:16.021,0.0,-18.15,-18.15,1.8e-06,1.8e-06,Einfache Sonde
2026-06-30 17:02:16.051,0.0,-18.1,-18.1,1.6e-06,1.6e-06,Einfache Sonde
2026-06-30 17:02:16.082,0.0,-18.05,-18.05,1.6e-06,1.6e-06,Einfache Sonde
2026-06-30 17:02:16.112,0.0,-18.0,-18.0,1.5e-06,1.5e-06,Einfache Sonde
2026-06-30 17:02:16.142,0.0,-17.95,-17.95,1.8e-06,1.8e-06,Einfache Sonde
2026-06-30 17:02:16.173,0.0,-17.9,-17.9,1.5e-06,1.5e-06,Einfache Sonde
2026-06-30 17:02:16.203,0.0,-17.85,-17.85,1.9e-06,1.9e-06,Einfache Sonde
2026-06-30 17:02:16.234,0.0,-17.8,-17.8,1.4e-06,1.4e-06,Einfache Sonde
2026-06-30 17:02:16.264,0.0,-17.75,-17.75,1.8e-06,1.8e-06,Einfache Sonde
2026-06-30 17:02:16.295,0.0,-17.7,-17.7,1.7e-06,1.7e-06,Einfache Sonde
2026-06-30 17:02:16.325,0.0,-17.65,-17.65,1.6e-06,1.6e-06,Einfache Sonde
2026-06-30 17:02:16.355,0.0,-17.6,-17.6,1.7e-06,1.7e-06,Einfache Sonde
2026-06-30 17:02:16.386,0.0,-17.55,-17.55,1.5e-06,1.5e-06,Einfache Sonde
2026-06-30 17:02:16.416,0.0,-17.5,-17.5,1.8e-06,1.8e-06,Einfache Sonde
2026-06-30 17:02:16.454,0.0,-17.45,-17.45,1.2e-06,1.2e-06,Einfache Sonde
2026-06-30 17:02:16.484,0.0,-17.4,-17.4,1.7e-06,1.7e-06,Einfache Sonde
2026-06-30 17:02:16.515,0.0,-17.35,-17.35,1.5e-06,1.5e-06,Einfache Sonde
2026-06-30 17:02:16.545,0.0,-17.3,-17.3,1.7e-06,1.7e-06,Einfache Sonde
2026-06-30 17:02:16.576,0.0,-17.25,-17.25,1.9e-06,1.9e-06,Einfache Sonde
2026-06-30 17:02:16.606,0.0,-17.2,-17.20001,1.5e-06,1.5e-06,Einfache Sonde
2026-06-30 17:02:16.636,0.0,-17.15,-17.15,2.2e-06,2.2e-06,Einfache Sonde
2026-06-30 17:02:16.667,0.0,-17.1,-17.10001,1.5e-06,1.5e-06,Einfache Sonde
2026-06-30 17:02:16.697,0.0,-17.05,-17.05,2e-06,2e-06,Einfache Sonde
2026-06-30 17:02:16.727,0.0,-17.0,-17.0,1.4e-06,1.4e-06,Einfache Sonde
2026-06-30 17:02:16.758,0.0,-16.95,-16.95,2e-06,2e-06,Einfache Sonde
2026-06-30 17:02:16.788,0.0,-16.9,-16.9,1.3e-06,1.3e-06,Einfache Sonde
2026-06-30 17:02:16.819,0.0,-16.85,-16.85,1.8e-06,1.8e-06,Einfache Sonde
2026-06-30 17:02:16.849,0.0,-16.8,-16.80001,1.4e-06,1.4e-06,Einfache Sonde
2026-06-30 17:02:16.879,0.0,-16.75,-16.75,1.6e-06,1.6e-06,Einfache Sonde
2026-06-30 17:02:16.909,0.0,-16.7,-16.7,1.4e-06,1.4e-06,Einfache Sonde
2026-06-30 17:02:16.940,0.0,-16.65,-16.65,1.7e-06,1.7e-06,Einfache Sonde
2026-06-30 17:02:16.978,0.0,-16.6,-16.6,1.6e-06,1.6e-06,Einfache Sonde
2026-06-30 17:02:17.008,0.0,-16.55,-16.55,1.2e-06,1.2e-06,Einfache Sonde
2026-06-30 17:02:17.039,0.0,-16.5,-16.5,1.7e-06,1.7e-06,Einfache Sonde
2026-06-30 17:02:17.069,0.0,-16.45,-16.45,1.2e-06,1.2e-06,Einfache Sonde
2026-06-30 17:02:17.100,0.0,-16.4,-16.4,1.5e-06,1.5e-06,Einfache Sonde
2026-06-30 17:02:17.130,0.0,-16.35,-16.35,1.7e-06,1.7e-06,Einfache Sonde
2026-06-30 17:02:17.160,0.0,-16.3,-16.3,1.4e-06,1.4e-06,Einfache Sonde
2026-06-30 17:02:17.191,0.0,-16.25,-16.25,1.5e-06,1.5e-06,Einfache Sonde
2026-06-30 17:02:17.221,0.0,-16.2,-16.2,1.6e-06,1.6e-06,Einfache Sonde
2026-06-30 17:02:17.251,0.0,-16.15,-16.15,1.5e-06,1.5e-06,Einfache Sonde
2026-06-30 17:02:17.282,0.0,-16.1,-16.1,1.8e-06,1.8e-06,Einfache Sonde
2026-06-30 17:02:17.312,0.0,-16.05,-16.05,1.7e-06,1.7e-06,Einfache Sonde
2026-06-30 17:02:17.342,0.0,-16.0,-16.0,1.9e-06,1.9e-06,Einfache Sonde
2026-06-30 17:02:17.373,0.0,-15.95,-15.95,1.3e-06,1.3e-06,Einfache Sonde
2026-06-30 17:02:17.403,0.0,-15.9,-15.9,1.8e-06,1.8e-06,Einfache Sonde
2026-06-30 17:02:17.434,0.0,-15.85,-15.85,1.5e-06,1.5e-06,Einfache Sonde
2026-06-30 17:02:17.464,0.0,-15.8,-15.8,1.8e-06,1.8e-06,Einfache Sonde
2026-06-30 17:02:17.502,0.0,-15.75,-15.75,1.8e-06,1.8e-06,Einfache Sonde
2026-06-30 17:02:17.533,0.0,-15.7,-15.7,1.4e-06,1.4e-06,Einfache Sonde
2026-06-30 17:02:17.563,0.0,-15.65,-15.65,2e-06,2e-06,Einfache Sonde
2026-06-30 17:02:17.593,0.0,-15.6,-15.6,1.5e-06,1.5e-06,Einfache Sonde
2026-06-30 17:02:17.623,0.0,-15.55,-15.55,2e-06,2e-06,Einfache Sonde
2026-06-30 17:02:17.654,0.0,-15.5,-15.5,1.4e-06,1.4e-06,Einfache Sonde
2026-06-30 17:02:17.684,0.0,-15.45,-15.45,1.4e-06,1.4e-06,Einfache Sonde
2026-06-30 17:02:17.715,0.0,-15.4,-15.4,1.5e-06,1.5e-06,Einfache Sonde
2026-06-30 17:02:17.745,0.0,-15.35,-15.35,1.3e-06,1.3e-06,Einfache Sonde
2026-06-30 17:02:17.776,0.0,-15.3,-15.3,1.6e-06,1.6e-06,Einfache Sonde
2026-06-30 17:02:17.806,0.0,-15.25,-15.25,1.4e-06,1.4e-06,Einfache Sonde
2026-06-30 17:02:17.836,0.0,-15.2,-15.2,1.9e-06,1.9e-06,Einfache Sonde
2026-06-30 17:02:17.867,0.0,-15.15,-15.15,1.3e-06,1.3e-06,Einfache Sonde
2026-06-30 17:02:17.897,0.0,-15.1,-15.1,1.8e-06,1.8e-06,Einfache Sonde
2026-06-30 17:02:17.928,0.0,-15.05,-15.05,1.2e-06,1.2e-06,Einfache Sonde
2026-06-30 17:02:17.958,0.0,-15.0,-15.0,1.8e-06,1.8e-06,Einfache Sonde
2026-06-30 17:02:17.988,0.0,-14.95,-14.95,1.5e-06,1.5e-06,Einfache Sonde
2026-06-30 17:02:18.026,0.0,-14.9,-14.9,1.5e-06,1.5e-06,Einfache Sonde
2026-06-30 17:02:18.057,0.0,-14.85,-14.85001,1.9e-06,1.9e-06,Einfache Sonde
2026-06-30 17:02:18.087,0.0,-14.8,-14.8,1.3e-06,1.3e-06,Einfache Sonde
2026-06-30 17:02:18.117,0.0,-14.75,-14.75,1.7e-06,1.7e-06,Einfache Sonde
2026-06-30 17:02:18.148,0.0,-14.7,-14.7,1.2e-06,1.2e-06,Einfache Sonde
2026-06-30 17:02:18.178,0.0,-14.65,-14.65,1.7e-06,1.7e-06,Einfache Sonde
2026-06-30 17:02:18.208,0.0,-14.6,-14.6,1.2e-06,1.2e-06,Einfache Sonde
2026-06-30 17:02:18.239,0.0,-14.55,-14.55,1.6e-06,1.6e-06,Einfache Sonde
2026-06-30 17:02:18.269,0.0,-14.5,-14.50001,1.2e-06,1.2e-06,Einfache Sonde
2026-06-30 17:02:18.299,0.0,-14.45,-14.45,1.7e-06,1.7e-06,Einfache Sonde
2026-06-30 17:02:18.330,0.0,-14.4,-14.40001,1.3e-06,1.3e-06,Einfache Sonde
2026-06-30 17:02:18.360,0.0,-14.35,-14.35,1.6e-06,1.6e-06,Einfache Sonde
2026-06-30 17:02:18.390,0.0,-14.3,-14.3,1.7e-06,1.7e-06,Einfache Sonde
2026-06-30 17:02:18.421,0.0,-14.25,-14.25,1.8e-06,1.8e-06,Einfache Sonde
2026-06-30 17:02:18.451,0.0,-14.2,-14.2,1.5e-06,1.5e-06,Einfache Sonde
2026-06-30 17:02:18.481,0.0,-14.15,-14.15,1.9e-06,1.9e-06,Einfache Sonde
2026-06-30 17:02:18.512,0.0,-14.1,-14.1,1.6e-06,1.6e-06,Einfache Sonde
2026-06-30 17:02:18.550,0.0,-14.05,-14.05,2e-06,2e-06,Einfache Sonde
2026-06-30 17:02:18.580,0.0,-14.0,-14.00001,2e-06,2e-06,Einfache Sonde
2026-06-30 17:02:18.611,0.0,-13.95,-13.95,1.6e-06,1.6e-06,Einfache Sonde
2026-06-30 17:02:18.641,0.0,-13.9,-13.9,1.7e-06,1.7e-06,Einfache Sonde
2026-06-30 17:02:18.671,0.0,-13.85,-13.85,1.3e-06,1.3e-06,Einfache Sonde
2026-06-30 17:02:18.702,0.0,-13.8,-13.8,1.7e-06,1.7e-06,Einfache Sonde
2026-06-30 17:02:18.732,0.0,-13.75,-13.75,1.4e-06,1.4e-06,Einfache Sonde
2026-06-30 17:02:18.763,0.0,-13.7,-13.7,1.9e-06,1.9e-06,Einfache Sonde
2026-06-30 17:02:18.793,0.0,-13.65,-13.65,1.2e-06,1.2e-06,Einfache Sonde
2026-06-30 17:02:18.823,0.0,-13.6,-13.6,1.8e-06,1.8e-06,Einfache Sonde
2026-06-30 17:02:18.854,0.0,-13.55,-13.55,1.4e-06,1.4e-06,Einfache Sonde
2026-06-30 17:02:18.884,0.0,-13.5,-13.50001,1.1e-06,1.1e-06,Einfache Sonde
2026-06-30 17:02:18.915,0.0,-13.45,-13.45,1.5e-06,1.5e-06,Einfache Sonde
2026-06-30 17:02:18.945,0.0,-13.4,-13.4,1.4e-06,1.4e-06,Einfache Sonde
2026-06-30 17:02:18.975,0.0,-13.35,-13.35,1.6e-06,1.6e-06,Einfache Sonde
2026-06-30 17:02:19.006,0.0,-13.3,-13.3,1.3e-06,1.3e-06,Einfache Sonde
2026-06-30 17:02:19.036,0.0,-13.25,-13.25,2e-06,2e-06,Einfache Sonde
2026-06-30 17:02:19.074,0.0,-13.2,-13.2,1.4e-06,1.4e-06,Einfache Sonde
2026-06-30 17:02:19.104,0.0,-13.15,-13.15,1.5e-06,1.5e-06,Einfache Sonde
2026-06-30 17:02:19.135,0.0,-13.1,-13.1,1.7e-06,1.7e-06,Einfache Sonde
2026-06-30 17:02:19.165,0.0,-13.05,-13.05,1.4e-06,1.4e-06,Einfache Sonde
2026-06-30 17:02:19.196,0.0,-13.0,-13.0,1.8e-06,1.8e-06,Einfache Sonde
2026-06-30 17:02:19.226,0.0,-12.95,-12.95,1.3e-06,1.3e-06,Einfache Sonde
2026-06-30 17:02:19.256,0.0,-12.9,-12.90001,1.8e-06,1.8e-06,Einfache Sonde
2026-06-30 17:02:19.287,0.0,-12.85,-12.85,1.4e-06,1.4e-06,Einfache Sonde
2026-06-30 17:02:19.317,0.0,-12.8,-12.8,1.8e-06,1.8e-06,Einfache Sonde
2026-06-30 17:02:19.347,0.0,-12.75,-12.75,1.2e-06,1.2e-06,Einfache Sonde
2026-06-30 17:02:19.378,0.0,-12.7,-12.7,1.6e-06,1.6e-06,Einfache Sonde
2026-06-30 17:02:19.408,0.0,-12.65,-12.65001,1.5e-06,1.5e-06,Einfache Sonde
2026-06-30 17:02:19.439,0.0,-12.6,-12.6,1.5e-06,1.5e-06,Einfache Sonde
2026-06-30 17:02:19.469,0.0,-12.55,-12.55,1.4e-06,1.4e-06,Einfache Sonde
2026-06-30 17:02:19.499,0.0,-12.5,-12.5,1.4e-06,1.4e-06,Einfache Sonde
2026-06-30 17:02:19.530,0.0,-12.45,-12.45,1.4e-06,1.4e-06,Einfache Sonde
2026-06-30 17:02:19.560,0.0,-12.4,-12.4,1.8e-06,1.8e-06,Einfache Sonde
2026-06-30 17:02:19.598,0.0,-12.35,-12.35,1.4e-06,1.4e-06,Einfache Sonde
2026-06-30 17:02:19.629,0.0,-12.3,-12.3,1.4e-06,1.4e-06,Einfache Sonde
2026-06-30 17:02:19.659,0.0,-12.25,-12.25,1.5e-06,1.5e-06,Einfache Sonde
2026-06-30 17:02:19.690,0.0,-12.2,-12.2,1.4e-06,1.4e-06,Einfache Sonde
2026-06-30 17:02:19.720,0.0,-12.15,-12.15,1.4e-06,1.4e-06,Einfache Sonde
2026-06-30 17:02:19.750,0.0,-12.1,-12.1,1.4e-06,1.4e-06,Einfache Sonde
2026-06-30 17:02:19.781,0.0,-12.05,-12.05,1.5e-06,1.5e-06,Einfache Sonde
2026-06-30 17:02:19.811,0.0,-12.0,-12.0,1.5e-06,1.5e-06,Einfache Sonde
2026-06-30 17:02:19.841,0.0,-11.95,-11.95,1.7e-06,1.7e-06,Einfache Sonde
2026-06-30 17:02:19.871,0.0,-11.9,-11.9,1.2e-06,1.2e-06,Einfache Sonde
2026-06-30 17:02:19.902,0.0,-11.85,-11.85,1.9e-06,1.9e-06,Einfache Sonde
2026-06-30 17:02:19.932,0.0,-11.8,-11.8,1.1e-06,1.1e-06,Einfache Sonde
2026-06-30 17:02:19.962,0.0,-11.75,-11.75,1.6e-06,1.6e-06,Einfache Sonde
2026-06-30 17:02:19.993,0.0,-11.7,-11.7,1.3e-06,1.3e-06,Einfache Sonde
2026-06-30 17:02:20.023,0.0,-11.65,-11.65,1.4e-06,1.4e-06,Einfache Sonde
2026-06-30 17:02:20.053,0.0,-11.6,-11.6,1.3e-06,1.3e-06,Einfache Sonde
2026-06-30 17:02:20.084,0.0,-11.55,-11.55,1.3e-06,1.3e-06,Einfache Sonde
2026-06-30 17:02:20.122,0.0,-11.5,-11.5,1.5e-06,1.5e-06,Einfache Sonde
2026-06-30 17:02:20.152,0.0,-11.45,-11.45,1.2e-06,1.2e-06,Einfache Sonde
2026-06-30 17:02:20.183,0.0,-11.4,-11.4,1.4e-06,1.4e-06,Einfache Sonde
2026-06-30 17:02:20.213,0.0,-11.35,-11.35,1e-06,1e-06,Einfache Sonde
2026-06-30 17:02:20.244,0.0,-11.3,-11.3,1.5e-06,1.5e-06,Einfache Sonde
2026-06-30 17:02:20.274,0.0,-11.25,-11.25,1.5e-06,1.5e-06,Einfache Sonde
2026-06-30 17:02:20.304,0.0,-11.2,-11.20001,1.2e-06,1.2e-06,Einfache Sonde
2026-06-30 17:02:20.335,0.0,-11.15,-11.15,1.8e-06,1.8e-06,Einfache Sonde
2026-06-30 17:02:20.365,0.0,-11.1,-11.1,1.1e-06,1.1e-06,Einfache Sonde
2026-06-30 17:02:20.395,0.0,-11.05,-11.05,1.9e-06,1.9e-06,Einfache Sonde
2026-06-30 17:02:20.426,0.0,-11.0,-11.0,1.2e-06,1.2e-06,Einfache Sonde
2026-06-30 17:02:20.456,0.0,-10.95,-10.95001,1.9e-06,1.9e-06,Einfache Sonde
2026-06-30 17:02:20.486,0.0,-10.9,-10.9,1.4e-06,1.4e-06,Einfache Sonde
2026-06-30 17:02:20.517,0.0,-10.85,-10.85,1.6e-06,1.6e-06,Einfache Sonde
2026-06-30 17:02:20.547,0.0,-10.8,-10.8,1.3e-06,1.3e-06,Einfache Sonde
2026-06-30 17:02:20.577,0.0,-10.75,-10.75,1.9e-06,1.9e-06,Einfache Sonde
2026-06-30 17:02:20.608,0.0,-10.7,-10.7,1.4e-06,1.4e-06,Einfache Sonde
2026-06-30 17:02:20.646,0.0,-10.65,-10.65,1.7e-06,1.7e-06,Einfache Sonde
2026-06-30 17:02:20.676,0.0,-10.6,-10.6,1.8e-06,1.8e-06,Einfache Sonde
2026-06-30 17:02:20.707,0.0,-10.55,-10.55,1.4e-06,1.4e-06,Einfache Sonde
2026-06-30 17:02:20.737,0.0,-10.5,-10.5,1.6e-06,1.6e-06,Einfache Sonde
2026-06-30 17:02:20.768,0.0,-10.45,-10.45,1.2e-06,1.2e-06,Einfache Sonde
2026-06-30 17:02:20.798,0.0,-10.4,-10.4,1.2e-06,1.2e-06,Einfache Sonde
2026-06-30 17:02:20.828,0.0,-10.35,-10.35,1.3e-06,1.3e-06,Einfache Sonde
2026-06-30 17:02:20.859,0.0,-10.3,-10.3,1.5e-06,1.5e-06,Einfache Sonde
2026-06-30 17:02:20.889,0.0,-10.25,-10.25,1e-06,1e-06,Einfache Sonde
2026-06-30 17:02:20.920,0.0,-10.2,-10.2,1.6e-06,1.6e-06,Einfache Sonde
2026-06-30 17:02:20.950,0.0,-10.15,-10.15,1.4e-06,1.4e-06,Einfache Sonde
2026-06-30 17:02:20.980,0.0,-10.1,-10.1,1.7e-06,1.7e-06,Einfache Sonde
2026-06-30 17:02:21.011,0.0,-10.05,-10.05,1.3e-06,1.3e-06,Einfache Sonde
2026-06-30 17:02:21.041,0.0,-10.0,-10.0,1.8e-06,1.8e-06,Einfache Sonde
2026-06-30 17:02:21.072,0.0,-9.95,-9.95,1.2e-06,1.2e-06,Einfache Sonde
2026-06-30 17:02:21.102,0.0,-9.9,-9.9,1.7e-06,1.7e-06,Einfache Sonde
2026-06-30 17:02:21.132,0.0,-9.85,-9.85,1.1e-06,1.1e-06,Einfache Sonde
2026-06-30 17:02:21.170,0.0,-9.8,-9.8,1.4e-06,1.4e-06,Einfache Sonde
2026-06-30 17:02:21.201,0.0,-9.75,-9.75,1.7e-06,1.7e-06,Einfache Sonde
2026-06-30 17:02:21.231,0.0,-9.7,-9.7,1e-06,1e-06,Einfache Sonde
2026-06-30 17:02:21.262,0.0,-9.65,-9.65,1.6e-06,1.6e-06,Einfache Sonde
2026-06-30 17:02:21.292,0.0,-9.6,-9.6,1.2e-06,1.2e-06,Einfache Sonde
2026-06-30 17:02:21.322,0.0,-9.55,-9.55,1.6e-06,1.6e-06,Einfache Sonde
2026-06-30 17:02:21.352,0.0,-9.5,-9.5,1.3e-06,1.3e-06,Einfache Sonde
2026-06-30 17:02:21.383,0.0,-9.45,-9.45,1.5e-06,1.5e-06,Einfache Sonde
2026-06-30 17:02:21.413,0.0,-9.4,-9.4,1.5e-06,1.5e-06,Einfache Sonde
2026-06-30 17:02:21.443,0.0,-9.35,-9.35,1.4e-06,1.4e-06,Einfache Sonde
2026-06-30 17:02:21.474,0.0,-9.3,-9.3,1.5e-06,1.5e-06,Einfache Sonde
2026-06-30 17:02:21.504,0.0,-9.25,-9.25,1.1e-06,1.1e-06,Einfache Sonde
2026-06-30 17:02:21.535,0.0,-9.2,-9.2,1.6e-06,1.6e-06,Einfache Sonde
2026-06-30 17:02:21.565,0.0,-9.15,-9.15,1.2e-06,1.2e-06,Einfache Sonde
2026-06-30 17:02:21.596,0.0,-9.1,-9.1,1.8e-06,1.8e-06,Einfache Sonde
2026-06-30 17:02:21.626,0.0,-9.05,-9.05,1.2e-06,1.2e-06,Einfache Sonde
2026-06-30 17:02:21.656,0.0,-9.0,-9.0,1.7e-06,1.7e-06,Einfache Sonde
2026-06-30 17:02:21.694,0.0,-8.95,-8.95,1.1e-06,1.1e-06,Einfache Sonde
2026-06-30 17:02:21.725,0.0,-8.9,-8.9,1e-06,1e-06,Einfache Sonde
2026-06-30 17:02:21.755,0.0,-8.85,-8.85,1.8e-06,1.8e-06,Einfache Sonde
2026-06-30 17:02:21.786,0.0,-8.8,-8.8,1.1e-06,1.1e-06,Einfache Sonde
2026-06-30 17:02:21.816,0.0,-8.75,-8.75,1.6e-06,1.6e-06,Einfache Sonde
2026-06-30 17:02:21.846,0.0,-8.7,-8.7,1e-06,1e-06,Einfache Sonde
2026-06-30 17:02:21.876,0.0,-8.65,-8.65,1.7e-06,1.7e-06,Einfache Sonde
2026-06-30 17:02:21.907,0.0,-8.6,-8.6,1.4e-06,1.4e-06,Einfache Sonde
2026-06-30 17:02:21.937,0.0,-8.55,-8.55,1.6e-06,1.6e-06,Einfache Sonde
2026-06-30 17:02:21.968,0.0,-8.5,-8.5,1.3e-06,1.3e-06,Einfache Sonde
2026-06-30 17:02:21.998,0.0,-8.45,-8.45,1.4e-06,1.4e-06,Einfache Sonde
2026-06-30 17:02:22.028,0.0,-8.4,-8.4,1.4e-06,1.4e-06,Einfache Sonde
2026-06-30 17:02:22.059,0.0,-8.35,-8.35,1.4e-06,1.4e-06,Einfache Sonde
2026-06-30 17:02:22.089,0.0,-8.3,-8.3,1.4e-06,1.4e-06,Einfache Sonde
2026-06-30 17:02:22.119,0.0,-8.25,-8.25,1.4e-06,1.4e-06,Einfache Sonde
2026-06-30 17:02:22.150,0.0,-8.2,-8.2,1.3e-06,1.3e-06,Einfache Sonde
2026-06-30 17:02:22.180,0.0,-8.15,-8.15,1.5e-06,1.5e-06,Einfache Sonde
2026-06-30 17:02:22.218,0.0,-8.1,-8.10001,1.2e-06,1.2e-06,Einfache Sonde
2026-06-30 17:02:22.249,0.0,-8.05,-8.05,1.3e-06,1.3e-06,Einfache Sonde
2026-06-30 17:02:22.279,0.0,-8.0,-8.0,1.4e-06,1.4e-06,Einfache Sonde
2026-06-30 17:02:22.309,0.0,-7.949999999999999,-7.95,1.5e-06,1.5e-06,Einfache Sonde
2026-06-30 17:02:22.340,0.0,-7.9,-7.90001,1.8e-06,1.8e-06,Einfache Sonde
2026-06-30 17:02:22.370,0.0,-7.85,-7.85,1.4e-06,1.4e-06,Einfache Sonde
2026-06-30 17:02:22.400,0.0,-7.800000000000001,-7.8,1.8e-06,1.8e-06,Einfache Sonde
2026-06-30 17:02:22.431,0.0,-7.75,-7.75,1.1e-06,1.1e-06,Einfache Sonde
2026-06-30 17:02:22.462,0.0,-7.699999999999999,-7.7,1.6e-06,1.6e-06,Einfache Sonde
2026-06-30 17:02:22.492,0.0,-7.65,-7.65,1.3e-06,1.3e-06,Einfache Sonde
2026-06-30 17:02:22.522,0.0,-7.6,-7.6,1.4e-06,1.4e-06,Einfache Sonde
2026-06-30 17:02:22.553,0.0,-7.550000000000001,-7.55,1.6e-06,1.6e-06,Einfache Sonde
2026-06-30 17:02:22.583,0.0,-7.5,-7.5,1.5e-06,1.5e-06,Einfache Sonde
2026-06-30 17:02:22.614,0.0,-7.449999999999999,-7.45,1.8e-06,1.8e-06,Einfache Sonde
2026-06-30 17:02:22.644,0.0,-7.4,-7.4,1.2e-06,1.2e-06,Einfache Sonde
2026-06-30 17:02:22.674,0.0,-7.35,-7.35,2e-06,2e-06,Einfache Sonde
2026-06-30 17:02:22.705,0.0,-7.300000000000001,-7.3,1.1e-06,1.1e-06,Einfache Sonde
2026-06-30 17:02:22.743,0.0,-7.25,-7.25,1.6e-06,1.6e-06,Einfache Sonde
2026-06-30 17:02:22.773,0.0,-7.199999999999999,-7.2,1.8e-06,1.8e-06,Einfache Sonde
2026-06-30 17:02:22.803,0.0,-7.15,-7.15001,1.3e-06,1.3e-06,Einfache Sonde
2026-06-30 17:02:22.834,0.0,-7.1,-7.1,1.9e-06,1.9e-06,Einfache Sonde
2026-06-30 17:02:22.864,0.0,-7.050000000000001,-7.05,1.4e-06,1.4e-06,Einfache Sonde
2026-06-30 17:02:22.895,0.0,-7.0,-7.0,1.8e-06,1.8e-06,Einfache Sonde
2026-06-30 17:02:22.925,0.0,-6.949999999999999,-6.95,1.2e-06,1.2e-06,Einfache Sonde
2026-06-30 17:02:22.956,0.0,-6.9,-6.9,1.8e-06,1.8e-06,Einfache Sonde
2026-06-30 17:02:22.986,0.0,-6.85,-6.85,1.2e-06,1.2e-06,Einfache Sonde
2026-06-30 17:02:23.017,0.0,-6.800000000000001,-6.8,1.5e-06,1.5e-06,Einfache Sonde
2026-06-30 17:02:23.047,0.0,-6.75,-6.75,1.3e-06,1.3e-06,Einfache Sonde
2026-06-30 17:02:23.077,0.0,-6.699999999999999,-6.7,1.4e-06,1.4e-06,Einfache Sonde
2026-06-30 17:02:23.108,0.0,-6.65,-6.65,1.2e-06,1.2e-06,Einfache Sonde
2026-06-30 17:02:23.138,0.0,-6.6,-6.6,1.4e-06,1.4e-06,Einfache Sonde
2026-06-30 17:02:23.168,0.0,-6.550000000000001,-6.55,1.3e-06,1.3e-06,Einfache Sonde
2026-06-30 17:02:23.199,0.0,-6.5,-6.5,1.5e-06,1.5e-06,Einfache Sonde
2026-06-30 17:02:23.230,0.0,-6.449999999999999,-6.45,1.5e-06,1.5e-06,Einfache Sonde
2026-06-30 17:02:23.268,0.0,-6.4,-6.4,1.5e-06,1.5e-06,Einfache Sonde
2026-06-30 17:02:23.298,0.0,-6.35,-6.35,1.7e-06,1.7e-06,Einfache Sonde
2026-06-30 17:02:23.329,0.0,-6.300000000000001,-6.3,1.4e-06,1.4e-06,Einfache Sonde
2026-06-30 17:02:23.359,0.0,-6.25,-6.25,1.8e-06,1.8e-06,Einfache Sonde
2026-06-30 17:02:23.389,0.0,-6.199999999999999,-6.2,1.4e-06,1.4e-06,Einfache Sonde
2026-06-30 17:02:23.419,0.0,-6.15,-6.15,1.6e-06,1.6e-06,Einfache Sonde
2026-06-30 17:02:23.450,0.0,-6.1,-6.1,1.2e-06,1.2e-06,Einfache Sonde
2026-06-30 17:02:23.481,0.0,-6.050000000000001,-6.05,2e-06,2e-06,Einfache Sonde
2026-06-30 17:02:23.511,0.0,-6.0,-6.0,1.6e-06,1.6e-06,Einfache Sonde
2026-06-30 17:02:23.541,0.0,-5.949999999999999,-5.95,2e-06,2e-06,Einfache Sonde
2026-06-30 17:02:23.572,0.0,-5.9,-5.9,1.6e-06,1.6e-06,Einfache Sonde
2026-06-30 17:02:23.602,0.0,-5.85,-5.85,1.5e-06,1.5e-06,Einfache Sonde
2026-06-30 17:02:23.632,0.0,-5.800000000000001,-5.8,2e-06,2e-06,Einfache Sonde
2026-06-30 17:02:23.663,0.0,-5.75,-5.75,1.6e-06,1.6e-06,Einfache Sonde
2026-06-30 17:02:23.693,0.0,-5.699999999999999,-5.7,1.7e-06,1.7e-06,Einfache Sonde
2026-06-30 17:02:23.724,0.0,-5.65,-5.65,1.2e-06,1.2e-06,Einfache Sonde
2026-06-30 17:02:23.754,0.0,-5.6,-5.6,1.9e-06,1.9e-06,Einfache Sonde
2026-06-30 17:02:23.792,0.0,-5.550000000000001,-5.55,1.4e-06,1.4e-06,Einfache Sonde
2026-06-30 17:02:23.823,0.0,-5.5,-5.5,1.3e-06,1.3e-06,Einfache Sonde
2026-06-30 17:02:23.853,0.0,-5.449999999999999,-5.45,1.8e-06,1.8e-06,Einfache Sonde
2026-06-30 17:02:23.883,0.0,-5.4,-5.4,1.3e-06,1.3e-06,Einfache Sonde
2026-06-30 17:02:23.914,0.0,-5.35,-5.35,2.3e-06,2.3e-06,Einfache Sonde
2026-06-30 17:02:23.944,0.0,-5.300000000000001,-5.3,1e-06,1e-06,Einfache Sonde
2026-06-30 17:02:23.974,0.0,-5.25,-5.25,1.8e-06,1.8e-06,Einfache Sonde
2026-06-30 17:02:24.005,0.0,-5.199999999999999,-5.2,1.3e-06,1.3e-06,Einfache Sonde
2026-06-30 17:02:24.036,0.0,-5.15,-5.15,1.8e-06,1.8e-06,Einfache Sonde
2026-06-30 17:02:24.066,0.0,-5.1,-5.10001,1.2e-06,1.2e-06,Einfache Sonde
2026-06-30 17:02:24.096,0.0,-5.050000000000001,-5.05,1.6e-06,1.6e-06,Einfache Sonde
2026-06-30 17:02:24.127,0.0,-5.0,-5.0,1.8e-06,1.8e-06,Einfache Sonde
2026-06-30 17:02:24.157,0.0,-4.949999999999999,-4.95,1.6e-06,1.6e-06,Einfache Sonde
2026-06-30 17:02:24.188,0.0,-4.9,-4.9,1.5e-06,1.5e-06,Einfache Sonde
2026-06-30 17:02:24.218,0.0,-4.85,-4.85,1.4e-06,1.4e-06,Einfache Sonde
2026-06-30 17:02:24.248,0.0,-4.800000000000001,-4.8,1.4e-06,1.4e-06,Einfache Sonde
2026-06-30 17:02:24.279,0.0,-4.75,-4.75,1.7e-06,1.7e-06,Einfache Sonde
2026-06-30 17:02:24.317,0.0,-4.699999999999999,-4.7,1.5e-06,1.5e-06,Einfache Sonde
2026-06-30 17:02:24.347,0.0,-4.65,-4.65,1.8e-06,1.8e-06,Einfache Sonde
2026-06-30 17:02:24.377,0.0,-4.6,-4.6,1.8e-06,1.8e-06,Einfache Sonde
2026-06-30 17:02:24.408,0.0,-4.550000000000001,-4.55,1.7e-06,1.7e-06,Einfache Sonde
2026-06-30 17:02:24.438,0.0,-4.5,-4.5,1.9e-06,1.9e-06,Einfache Sonde
2026-06-30 17:02:24.468,0.0,-4.449999999999999,-4.45,1.5e-06,1.5e-06,Einfache Sonde
2026-06-30 17:02:24.499,0.0,-4.4,-4.4,1.9e-06,1.9e-06,Einfache Sonde
2026-06-30 17:02:24.529,0.0,-4.35,-4.35,1.6e-06,1.6e-06,Einfache Sonde
2026-06-30 17:02:24.560,0.0,-4.300000000000001,-4.3,2e-06,2e-06,Einfache Sonde
2026-06-30 17:02:24.590,0.0,-4.25,-4.25,1.5e-06,1.5e-06,Einfache Sonde
2026-06-30 17:02:24.621,0.0,-4.199999999999999,-4.2,1.9e-06,1.9e-06,Einfache Sonde
2026-06-30 17:02:24.651,0.0,-4.15,-4.15,1.7e-06,1.7e-06,Einfache Sonde
2026-06-30 17:02:24.681,0.0,-4.1,-4.1,1.6e-06,1.6e-06,Einfache Sonde
2026-06-30 17:02:24.712,0.0,-4.050000000000001,-4.05,1.6e-06,1.6e-06,Einfache Sonde
2026-06-30 17:02:24.742,0.0,-4.0,-4.0,1.2e-06,1.2e-06,Einfache Sonde
2026-06-30 17:02:24.773,0.0,-3.9499999999999993,-3.95,1.7e-06,1.7e-06,Einfache Sonde
2026-06-30 17:02:24.803,0.0,-3.8999999999999986,-3.9,1.1e-06,1.1e-06,Einfache Sonde
2026-06-30 17:02:24.841,0.0,-3.8500000000000014,-3.85,1.8e-06,1.8e-06,Einfache Sonde
2026-06-30 17:02:24.872,0.0,-3.8000000000000007,-3.8,1.5e-06,1.5e-06,Einfache Sonde
2026-06-30 17:02:24.902,0.0,-3.75,-3.75,1.1e-06,1.1e-06,Einfache Sonde
2026-06-30 17:02:24.933,0.0,-3.6999999999999993,-3.7,1.6e-06,1.6e-06,Einfache Sonde
2026-06-30 17:02:24.963,0.0,-3.6499999999999986,-3.65,1.1e-06,1.1e-06,Einfache Sonde
2026-06-30 17:02:24.993,0.0,-3.6000000000000014,-3.6,1.8e-06,1.8e-06,Einfache Sonde
2026-06-30 17:02:25.024,0.0,-3.5500000000000007,-3.55,1.1e-06,1.1e-06,Einfache Sonde
2026-06-30 17:02:25.054,0.0,-3.5,-3.5,1.9e-06,1.9e-06,Einfache Sonde
2026-06-30 17:02:25.084,0.0,-3.4499999999999993,-3.45,1.4e-06,1.4e-06,Einfache Sonde
2026-06-30 17:02:25.115,0.0,-3.3999999999999986,-3.4,1.7e-06,1.7e-06,Einfache Sonde
2026-06-30 17:02:25.145,0.0,-3.3500000000000014,-3.35,1.3e-06,1.3e-06,Einfache Sonde
2026-06-30 17:02:25.176,0.0,-3.3000000000000007,-3.3,1.5e-06,1.5e-06,Einfache Sonde
2026-06-30 17:02:25.206,0.0,-3.25,-3.25,1.2e-06,1.2e-06,Einfache Sonde
2026-06-30 17:02:25.237,0.0,-3.1999999999999993,-3.2,1.6e-06,1.6e-06,Einfache Sonde
2026-06-30 17:02:25.267,0.0,-3.1499999999999986,-3.15,1.5e-06,1.5e-06,Einfache Sonde
2026-06-30 17:02:25.297,0.0,-3.1000000000000014,-3.1,1.6e-06,1.6e-06,Einfache Sonde
2026-06-30 17:02:25.328,0.0,-3.0500000000000007,-3.05,1.5e-06,1.5e-06,Einfache Sonde
2026-06-30 17:02:25.366,0.0,-3.0,-3.0,1.4e-06,1.4e-06,Einfache Sonde
2026-06-30 17:02:25.396,0.0,-2.9499999999999993,-2.95,1.6e-06,1.6e-06,Einfache Sonde
2026-06-30 17:02:25.427,0.0,-2.8999999999999986,-2.9,1.4e-06,1.4e-06,Einfache Sonde
2026-06-30 17:02:25.457,0.0,-2.8500000000000014,-2.85,1.4e-06,1.4e-06,Einfache Sonde
2026-06-30 17:02:25.488,0.0,-2.8000000000000007,-2.8,1.3e-06,1.3e-06,Einfache Sonde
2026-06-30 17:02:25.518,0.0,-2.75,-2.75,1.5e-06,1.5e-06,Einfache Sonde
2026-06-30 17:02:25.549,0.0,-2.6999999999999993,-2.7,1.3e-06,1.3e-06,Einfache Sonde
2026-06-30 17:02:25.579,0.0,-2.6499999999999986,-2.65,1.6e-06,1.6e-06,Einfache Sonde
2026-06-30 17:02:25.610,0.0,-2.6000000000000014,-2.6,1.2e-06,1.2e-06,Einfache Sonde
2026-06-30 17:02:25.640,0.0,-2.5500000000000007,-2.55,1.6e-06,1.6e-06,Einfache Sonde
2026-06-30 17:02:25.671,0.0,-2.5,-2.5,1.4e-06,1.4e-06,Einfache Sonde
2026-06-30 17:02:25.701,0.0,-2.4499999999999993,-2.45,1.6e-06,1.6e-06,Einfache Sonde
2026-06-30 17:02:25.732,0.0,-2.3999999999999986,-2.4,1.4e-06,1.4e-06,Einfache Sonde
2026-06-30 17:02:25.762,0.0,-2.3500000000000014,-2.35,1.2e-06,1.2e-06,Einfache Sonde
2026-06-30 17:02:25.793,0.0,-2.3000000000000007,-2.3,1.7e-06,1.7e-06,Einfache Sonde
2026-06-30 17:02:25.823,0.0,-2.25,-2.25,1e-06,1e-06,Einfache Sonde
2026-06-30 17:02:25.853,0.0,-2.1999999999999993,-2.2,1.6e-06,1.6e-06,Einfache Sonde
2026-06-30 17:02:25.891,0.0,-2.1499999999999986,-2.15,1.3e-06,1.3e-06,Einfache Sonde
2026-06-30 17:02:25.922,0.0,-2.1000000000000014,-2.099999,1.3e-06,1.3e-06,Einfache Sonde
2026-06-30 17:02:25.952,0.0,-2.0500000000000007,-2.050002,1.7e-06,1.7e-06,Einfache Sonde
2026-06-30 17:02:25.983,0.0,-2.0,-2.0,1.2e-06,1.2e-06,Einfache Sonde
2026-06-30 17:02:26.013,0.0,-1.9499999999999993,-1.949998,1.7e-06,1.7e-06,Einfache Sonde
2026-06-30 17:02:26.044,0.0,-1.8999999999999986,-1.899999,1.1e-06,1.1e-06,Einfache Sonde
2026-06-30 17:02:26.074,0.0,-1.8500000000000014,-1.85,1.6e-06,1.6e-06,Einfache Sonde
2026-06-30 17:02:26.104,0.0,-1.8000000000000007,-1.8,1.2e-06,1.2e-06,Einfache Sonde
2026-06-30 17:02:26.135,0.0,-1.75,-1.749998,1.6e-06,1.6e-06,Einfache Sonde
2026-06-30 17:02:26.165,0.0,-1.6999999999999993,-1.7,1.4e-06,1.4e-06,Einfache Sonde
2026-06-30 17:02:26.196,0.0,-1.6499999999999986,-1.650002,1.7e-06,1.7e-06,Einfache Sonde
2026-06-30 17:02:26.226,0.0,-1.6000000000000014,-1.6,1.4e-06,1.4e-06,Einfache Sonde
2026-06-30 17:02:26.257,0.0,-1.5500000000000007,-1.550001,1.4e-06,1.4e-06,Einfache Sonde
2026-06-30 17:02:26.287,0.0,-1.5,-1.499998,1.4e-06,1.4e-06,Einfache Sonde
2026-06-30 17:02:26.317,0.0,-1.4499999999999993,-1.45,1.7e-06,1.7e-06,Einfache Sonde
2026-06-30 17:02:26.348,0.0,-1.3999999999999986,-1.399999,1.4e-06,1.4e-06,Einfache Sonde
2026-06-30 17:02:26.378,0.0,-1.3500000000000014,-1.350001,1.7e-06,1.7e-06,Einfache Sonde
2026-06-30 17:02:26.416,0.0,-1.3000000000000007,-1.3,1.2e-06,1.2e-06,Einfache Sonde
2026-06-30 17:02:26.447,0.0,-1.25,-1.249998,1.4e-06,1.4e-06,Einfache Sonde
2026-06-30 17:02:26.477,0.0,-1.1999999999999993,-1.2,1.5e-06,1.5e-06,Einfache Sonde
2026-06-30 17:02:26.508,0.0,-1.1499999999999986,-1.150002,1.3e-06,1.3e-06,Einfache Sonde
2026-06-30 17:02:26.538,0.0,-1.1000000000000014,-1.1,1.5e-06,1.5e-06,Einfache Sonde
2026-06-30 17:02:26.568,0.0,-1.0500000000000007,-1.049996,1.4e-06,1.4e-06,Einfache Sonde
2026-06-30 17:02:26.599,0.0,-1.0,-1.000002,1.6e-06,1.6e-06,Einfache Sonde
2026-06-30 17:02:26.629,0.0,-0.9499999999999993,-0.950001,1e-06,1e-06,Einfache Sonde
2026-06-30 17:02:26.659,0.0,-0.8999999999999986,-0.899999,1.5e-06,1.5e-06,Einfache Sonde
2026-06-30 17:02:26.690,0.0,-0.8500000000000014,-0.85,1.4e-06,1.4e-06,Einfache Sonde
2026-06-30 17:02:26.720,0.0,-0.8000000000000007,-0.800002,1.8e-06,1.8e-06,Einfache Sonde
2026-06-30 17:02:26.751,0.0,-0.75,-0.750001,1.5e-06,1.5e-06,Einfache Sonde
2026-06-30 17:02:26.781,0.0,-0.6999999999999993,-0.7,1.7e-06,1.7e-06,Einfache Sonde
2026-06-30 17:02:26.811,0.0,-0.6499999999999986,-0.650001,1.8e-06,1.8e-06,Einfache Sonde
2026-06-30 17:02:26.842,0.0,-0.6000000000000014,-0.600001,1.3e-06,1.3e-06,Einfache Sonde
2026-06-30 17:02:26.872,0.0,-0.5500000000000007,-0.549999,1.6e-06,1.6e-06,Einfache Sonde
2026-06-30 17:02:26.902,0.0,-0.5,-0.500002,1.3e-06,1.3e-06,Einfache Sonde
2026-06-30 17:02:26.940,0.0,-0.4499999999999993,-0.450001,1.9e-06,1.9e-06,Einfache Sonde
2026-06-30 17:02:26.971,0.0,-0.3999999999999986,-0.400001,1.6e-06,1.6e-06,Einfache Sonde
2026-06-30 17:02:27.001,0.0,-0.3500000000000014,-0.35,1e-06,1e-06,Einfache Sonde
2026-06-30 17:02:27.032,0.0,-0.3000000000000007,-0.300002,1.8e-06,1.8e-06,Einfache Sonde
2026-06-30 17:02:27.062,0.0,-0.25,-0.25,1.4e-06,1.4e-06,Einfache Sonde
2026-06-30 17:02:27.095,0.0,-0.1999999999999993,-0.2000005,1.8e-06,1.8e-06,Einfache Sonde
2026-06-30 17:02:27.141,0.0,-0.14999999999999858,-0.1499991,1.4e-06,1.4e-06,Einfache Sonde
2026-06-30 17:02:27.171,0.0,-0.10000000000000142,-0.0999981,1.6e-06,1.6e-06,Einfache Sonde
2026-06-30 17:02:27.202,0.0,-0.05000000000000071,-0.0499989,1.1e-06,1.1e-06,Einfache Sonde
2026-06-30 17:02:27.232,0.0,0.0,-2e-07,2e-06,2e-06,Einfache Sonde
2026-06-30 17:02:27.262,0.0,0.05000000000000071,0.0500012,1.4e-06,1.4e-06,Einfache Sonde
2026-06-30 17:02:27.293,0.0,0.10000000000000142,0.0999994,2.1e-06,2.1e-06,Einfache Sonde
2026-06-30 17:02:27.324,0.0,0.14999999999999858,0.1500005,1.6e-06,1.6e-06,Einfache Sonde
2026-06-30 17:02:27.355,0.0,0.1999999999999993,0.2000001,1.7e-06,1.7e-06,Einfache Sonde
2026-06-30 17:02:27.387,0.0,0.25,0.249998,1.5e-06,1.5e-06,Einfache Sonde
2026-06-30 17:02:27.417,0.0,0.3000000000000007,0.3,1.6e-06,1.6e-06,Einfache Sonde
2026-06-30 17:02:27.455,0.0,0.3500000000000014,0.349999,1.4e-06,1.4e-06,Einfache Sonde
2026-06-30 17:02:27.486,0.0,0.3999999999999986,0.400003,1.6e-06,1.6e-06,Einfache Sonde
2026-06-30 17:02:27.516,0.0,0.4499999999999993,0.449999,1.2e-06,1.2e-06,Einfache Sonde
2026-06-30 17:02:27.546,0.0,0.5,0.499999,1.6e-06,1.6e-06,Einfache Sonde
2026-06-30 17:02:27.577,0.0,0.5500000000000007,0.550002,1.5e-06,1.5e-06,Einfache Sonde
2026-06-30 17:02:27.607,0.0,0.6000000000000014,0.6,1.5e-06,1.5e-06,Einfache Sonde
2026-06-30 17:02:27.637,0.0,0.6499999999999986,0.649999,1.5e-06,1.5e-06,Einfache Sonde
2026-06-30 17:02:27.668,0.0,0.6999999999999993,0.7,1.2e-06,1.2e-06,Einfache Sonde
2026-06-30 17:02:27.698,0.0,0.75,0.75,1.9e-06,1.9e-06,Einfache Sonde
2026-06-30 17:02:27.728,0.0,0.8000000000000007,0.8,1.2e-06,1.2e-06,Einfache Sonde
2026-06-30 17:02:27.759,0.0,0.8500000000000014,0.85,1.9e-06,1.9e-06,Einfache Sonde
2026-06-30 17:02:27.790,0.0,0.8999999999999986,0.899997,1.3e-06,1.3e-06,Einfache Sonde
2026-06-30 17:02:27.820,0.0,0.9499999999999993,0.95,1.8e-06,1.8e-06,Einfache Sonde
2026-06-30 17:02:27.850,0.0,1.0,1.0,1.4e-06,1.4e-06,Einfache Sonde
2026-06-30 17:02:27.880,0.0,1.0500000000000007,1.050002,1.5e-06,1.5e-06,Einfache Sonde
2026-06-30 17:02:27.911,0.0,1.1000000000000014,1.1,1.6e-06,1.6e-06,Einfache Sonde
2026-06-30 17:02:27.941,0.0,1.1499999999999986,1.150001,1.4e-06,1.4e-06,Einfache Sonde
2026-06-30 17:02:27.980,0.0,1.1999999999999993,1.199998,1.8e-06,1.8e-06,Einfache Sonde
2026-06-30 17:02:28.010,0.0,1.25,1.250001,1.5e-06,1.5e-06,Einfache Sonde
2026-06-30 17:02:28.040,0.0,1.3000000000000007,1.3,1.5e-06,1.5e-06,Einfache Sonde
2026-06-30 17:02:28.071,0.0,1.3500000000000014,1.349999,1.5e-06,1.5e-06,Einfache Sonde
2026-06-30 17:02:28.102,0.0,1.3999999999999986,1.4,1e-06,1e-06,Einfache Sonde
2026-06-30 17:02:28.132,0.0,1.4499999999999993,1.450001,1.7e-06,1.7e-06,Einfache Sonde
2026-06-30 17:02:28.162,0.0,1.5,1.499999,1.2e-06,1.2e-06,Einfache Sonde
2026-06-30 17:02:28.193,0.0,1.5500000000000007,1.550001,1.7e-06,1.7e-06,Einfache Sonde
2026-06-30 17:02:28.223,0.0,1.6000000000000014,1.600001,1.1e-06,1.1e-06,Einfache Sonde
2026-06-30 17:02:28.254,0.0,1.6499999999999986,1.650003,1.6e-06,1.6e-06,Einfache Sonde
2026-06-30 17:02:28.284,0.0,1.6999999999999993,1.699999,1.1e-06,1.1e-06,Einfache Sonde
2026-06-30 17:02:28.315,0.0,1.75,1.75,1.4e-06,1.4e-06,Einfache Sonde
2026-06-30 17:02:28.345,0.0,1.8000000000000007,1.800001,1.4e-06,1.4e-06,Einfache Sonde
2026-06-30 17:02:28.375,0.0,1.8500000000000014,1.85,1.4e-06,1.4e-06,Einfache Sonde
2026-06-30 17:02:28.406,0.0,1.8999999999999986,1.899998,1.5e-06,1.5e-06,Einfache Sonde
2026-06-30 17:02:28.436,0.0,1.9499999999999993,1.949999,1.5e-06,1.5e-06,Einfache Sonde
2026-06-30 17:02:28.466,0.0,2.0,1.999999,1.5e-06,1.5e-06,Einfache Sonde
2026-06-30 17:02:28.504,0.0,2.0500000000000007,2.05,1.6e-06,1.6e-06,Einfache Sonde
2026-06-30 17:02:28.535,0.0,2.1000000000000014,2.099999,1.4e-06,1.4e-06,Einfache Sonde
2026-06-30 17:02:28.565,0.0,2.1499999999999986,2.15,1.5e-06,1.5e-06,Einfache Sonde
2026-06-30 17:02:28.596,0.0,2.1999999999999993,2.2,1.3e-06,1.3e-06,Einfache Sonde
2026-06-30 17:02:28.626,0.0,2.25,2.25,1.6e-06,1.6e-06,Einfache Sonde
2026-06-30 17:02:28.657,0.0,2.3000000000000007,2.3,1.4e-06,1.4e-06,Einfache Sonde
2026-06-30 17:02:28.687,0.0,2.3500000000000014,2.35,1.2e-06,1.2e-06,Einfache Sonde
2026-06-30 17:02:28.718,0.0,2.3999999999999986,2.4,1.6e-06,1.6e-06,Einfache Sonde
2026-06-30 17:02:28.749,0.0,2.4499999999999993,2.45,1.2e-06,1.2e-06,Einfache Sonde
2026-06-30 17:02:28.779,0.0,2.5,2.5,1.6e-06,1.6e-06,Einfache Sonde
2026-06-30 17:02:28.810,0.0,2.5500000000000007,2.55,1.3e-06,1.3e-06,Einfache Sonde
2026-06-30 17:02:28.840,0.0,2.6000000000000014,2.6,1.3e-06,1.3e-06,Einfache Sonde
2026-06-30 17:02:28.871,0.0,2.6499999999999986,2.65,1.6e-06,1.6e-06,Einfache Sonde
2026-06-30 17:02:28.901,0.0,2.6999999999999993,2.7,1.2e-06,1.2e-06,Einfache Sonde
2026-06-30 17:02:28.932,0.0,2.75,2.75,2e-06,2e-06,Einfache Sonde
2026-06-30 17:02:28.962,0.0,2.8000000000000007,2.8,1.3e-06,1.3e-06,Einfache Sonde
2026-06-30 17:02:28.992,0.0,2.8500000000000014,2.85,1.6e-06,1.6e-06,Einfache Sonde
2026-06-30 17:02:29.031,0.0,2.8999999999999986,2.9,1.2e-06,1.2e-06,Einfache Sonde
2026-06-30 17:02:29.061,0.0,2.9499999999999993,2.95,1.2e-06,1.2e-06,Einfache Sonde
2026-06-30 17:02:29.091,0.0,3.0,3.0,1.7e-06,1.7e-06,Einfache Sonde
2026-06-30 17:02:29.122,0.0,3.0500000000000007,3.05,9e-07,9e-07,Einfache Sonde
2026-06-30 17:02:29.152,0.0,3.1000000000000014,3.1,1.6e-06,1.6e-06,Einfache Sonde
2026-06-30 17:02:29.182,0.0,3.1499999999999986,3.15,1e-06,1e-06,Einfache Sonde
2026-06-30 17:02:29.213,0.0,3.1999999999999993,3.2,1.4e-06,1.4e-06,Einfache Sonde
2026-06-30 17:02:29.243,0.0,3.25,3.25,1.4e-06,1.4e-06,Einfache Sonde
2026-06-30 17:02:29.274,0.0,3.3000000000000007,3.3,1.5e-06,1.5e-06,Einfache Sonde
2026-06-30 17:02:29.304,0.0,3.3500000000000014,3.35,1.6e-06,1.6e-06,Einfache Sonde
2026-06-30 17:02:29.335,0.0,3.3999999999999986,3.4,1.5e-06,1.5e-06,Einfache Sonde
2026-06-30 17:02:29.365,0.0,3.4499999999999993,3.45,1.3e-06,1.3e-06,Einfache Sonde
2026-06-30 17:02:29.396,0.0,3.5,3.5,1.6e-06,1.6e-06,Einfache Sonde
2026-06-30 17:02:29.426,0.0,3.5500000000000007,3.55,1.4e-06,1.4e-06,Einfache Sonde
2026-06-30 17:02:29.457,0.0,3.6000000000000014,3.59999,1.4e-06,1.4e-06,Einfache Sonde
2026-06-30 17:02:29.487,0.0,3.6499999999999986,3.65,1e-06,1e-06,Einfache Sonde
2026-06-30 17:02:29.518,0.0,3.6999999999999993,3.7,1.9e-06,1.9e-06,Einfache Sonde
2026-06-30 17:02:29.556,0.0,3.75,3.75,1.2e-06,1.2e-06,Einfache Sonde
2026-06-30 17:02:29.587,0.0,3.8000000000000007,3.8,1.4e-06,1.4e-06,Einfache Sonde
2026-06-30 17:02:29.617,0.0,3.8500000000000014,3.85,1.8e-06,1.8e-06,Einfache Sonde
2026-06-30 17:02:29.647,0.0,3.8999999999999986,3.9,1.2e-06,1.2e-06,Einfache Sonde
2026-06-30 17:02:29.678,0.0,3.9499999999999993,3.95,1.6e-06,1.6e-06,Einfache Sonde
2026-06-30 17:02:29.708,0.0,4.0,4.0,1.4e-06,1.4e-06,Einfache Sonde
2026-06-30 17:02:29.739,0.0,4.050000000000001,4.05,1.6e-06,1.6e-06,Einfache Sonde
2026-06-30 17:02:29.769,0.0,4.100000000000001,4.1,1.4e-06,1.4e-06,Einfache Sonde
2026-06-30 17:02:29.799,0.0,4.149999999999999,4.15,1.5e-06,1.5e-06,Einfache Sonde
2026-06-30 17:02:29.830,0.0,4.199999999999999,4.2,1.7e-06,1.7e-06,Einfache Sonde
2026-06-30 17:02:29.860,0.0,4.25,4.25,1.3e-06,1.3e-06,Einfache Sonde
2026-06-30 17:02:29.891,0.0,4.300000000000001,4.3,1.9e-06,1.9e-06,Einfache Sonde
2026-06-30 17:02:29.921,0.0,4.350000000000001,4.35,1.2e-06,1.2e-06,Einfache Sonde
2026-06-30 17:02:29.951,0.0,4.399999999999999,4.4,1.7e-06,1.7e-06,Einfache Sonde
2026-06-30 17:02:29.982,0.0,4.449999999999999,4.45,9e-07,9e-07,Einfache Sonde
2026-06-30 17:02:30.012,0.0,4.5,4.5,1.6e-06,1.6e-06,Einfache Sonde
2026-06-30 17:02:30.042,0.0,4.550000000000001,4.55,1.1e-06,1.1e-06,Einfache Sonde
2026-06-30 17:02:30.081,0.0,4.600000000000001,4.6,1.7e-06,1.7e-06,Einfache Sonde
2026-06-30 17:02:30.111,0.0,4.649999999999999,4.65,1.8e-06,1.8e-06,Einfache Sonde
2026-06-30 17:02:30.142,0.0,4.699999999999999,4.7,1.4e-06,1.4e-06,Einfache Sonde
2026-06-30 17:02:30.172,0.0,4.75,4.75,1.8e-06,1.8e-06,Einfache Sonde
2026-06-30 17:02:30.202,0.0,4.800000000000001,4.8,1.2e-06,1.2e-06,Einfache Sonde
2026-06-30 17:02:30.233,0.0,4.850000000000001,4.85,1.7e-06,1.7e-06,Einfache Sonde
2026-06-30 17:02:30.263,0.0,4.899999999999999,4.9,1.4e-06,1.4e-06,Einfache Sonde
2026-06-30 17:02:30.294,0.0,4.949999999999999,4.95,1.8e-06,1.8e-06,Einfache Sonde
2026-06-30 17:02:30.324,0.0,5.0,5.0,1.5e-06,1.5e-06,Einfache Sonde
2026-06-30 17:02:30.355,0.0,5.050000000000001,5.05,1.4e-06,1.4e-06,Einfache Sonde
2026-06-30 17:02:30.385,0.0,5.100000000000001,5.1,1.6e-06,1.6e-06,Einfache Sonde
2026-06-30 17:02:30.415,0.0,5.149999999999999,5.15,1.7e-06,1.7e-06,Einfache Sonde
2026-06-30 17:02:30.445,0.0,5.199999999999999,5.2,1.7e-06,1.7e-06,Einfache Sonde
2026-06-30 17:02:30.475,0.0,5.25,5.25,1.7e-06,1.7e-06,Einfache Sonde
2026-06-30 17:02:30.506,0.0,5.300000000000001,5.3,1.4e-06,1.4e-06,Einfache Sonde
2026-06-30 17:02:30.536,0.0,5.350000000000001,5.35,1.7e-06,1.7e-06,Einfache Sonde
2026-06-30 17:02:30.567,0.0,5.399999999999999,5.4,1.4e-06,1.4e-06,Einfache Sonde
2026-06-30 17:02:30.605,0.0,5.449999999999999,5.45,1.9e-06,1.9e-06,Einfache Sonde
2026-06-30 17:02:30.635,0.0,5.5,5.5,1.7e-06,1.7e-06,Einfache Sonde
2026-06-30 17:02:30.665,0.0,5.550000000000001,5.55,1.4e-06,1.4e-06,Einfache Sonde
2026-06-30 17:02:30.696,0.0,5.600000000000001,5.6,1.5e-06,1.5e-06,Einfache Sonde
2026-06-30 17:02:30.726,0.0,5.649999999999999,5.65,1.4e-06,1.4e-06,Einfache Sonde
2026-06-30 17:02:30.757,0.0,5.699999999999999,5.7,1.6e-06,1.6e-06,Einfache Sonde
2026-06-30 17:02:30.787,0.0,5.75,5.75,1.6e-06,1.6e-06,Einfache Sonde
2026-06-30 17:02:30.818,0.0,5.800000000000001,5.8,2e-06,2e-06,Einfache Sonde
2026-06-30 17:02:30.848,0.0,5.850000000000001,5.85,1.3e-06,1.3e-06,Einfache Sonde
2026-06-30 17:02:30.878,0.0,5.899999999999999,5.9,1.6e-06,1.6e-06,Einfache Sonde
2026-06-30 17:02:30.909,0.0,5.949999999999999,5.95,1.6e-06,1.6e-06,Einfache Sonde
2026-06-30 17:02:30.939,0.0,6.0,6.0,1.5e-06,1.5e-06,Einfache Sonde
2026-06-30 17:02:30.969,0.0,6.050000000000001,6.05,1.9e-06,1.9e-06,Einfache Sonde
2026-06-30 17:02:31.000,0.0,6.100000000000001,6.1,1.5e-06,1.5e-06,Einfache Sonde
2026-06-30 17:02:31.030,0.0,6.149999999999999,6.15,1.8e-06,1.8e-06,Einfache Sonde
2026-06-30 17:02:31.061,0.0,6.199999999999999,6.2,1.1e-06,1.1e-06,Einfache Sonde
2026-06-30 17:02:31.091,0.0,6.25,6.25,1.7e-06,1.7e-06,Einfache Sonde
2026-06-30 17:02:31.129,0.0,6.300000000000001,6.3,1.1e-06,1.1e-06,Einfache Sonde
2026-06-30 17:02:31.160,0.0,6.350000000000001,6.35,1.5e-06,1.5e-06,Einfache Sonde
2026-06-30 17:02:31.190,0.0,6.399999999999999,6.4,1.9e-06,1.9e-06,Einfache Sonde
2026-06-30 17:02:31.221,0.0,6.449999999999999,6.45,1.2e-06,1.2e-06,Einfache Sonde
2026-06-30 17:02:31.251,0.0,6.5,6.5,1.8e-06,1.8e-06,Einfache Sonde
2026-06-30 17:02:31.282,0.0,6.550000000000001,6.55,1.1e-06,1.1e-06,Einfache Sonde
2026-06-30 17:02:31.312,0.0,6.600000000000001,6.6,1.7e-06,1.7e-06,Einfache Sonde
2026-06-30 17:02:31.342,0.0,6.649999999999999,6.65,1.6e-06,1.6e-06,Einfache Sonde
2026-06-30 17:02:31.373,0.0,6.699999999999999,6.7,1.5e-06,1.5e-06,Einfache Sonde
2026-06-30 17:02:31.403,0.0,6.75,6.75,1.6e-06,1.6e-06,Einfache Sonde
2026-06-30 17:02:31.433,0.0,6.800000000000001,6.8,1.5e-06,1.5e-06,Einfache Sonde
2026-06-30 17:02:31.464,0.0,6.850000000000001,6.85,1.6e-06,1.6e-06,Einfache Sonde
2026-06-30 17:02:31.494,0.0,6.899999999999999,6.9,1.6e-06,1.6e-06,Einfache Sonde
2026-06-30 17:02:31.525,0.0,6.949999999999999,6.95,1.5e-06,1.5e-06,Einfache Sonde
2026-06-30 17:02:31.555,0.0,7.0,7.0,1.9e-06,1.9e-06,Einfache Sonde
2026-06-30 17:02:31.585,0.0,7.050000000000001,7.05,1.6e-06,1.6e-06,Einfache Sonde
2026-06-30 17:02:31.616,0.0,7.100000000000001,7.1,1.7e-06,1.7e-06,Einfache Sonde
2026-06-30 17:02:31.654,0.0,7.149999999999999,7.15,1.5e-06,1.5e-06,Einfache Sonde
2026-06-30 17:02:31.684,0.0,7.199999999999999,7.2,1.8e-06,1.8e-06,Einfache Sonde
2026-06-30 17:02:31.715,0.0,7.25,7.25,1.7e-06,1.7e-06,Einfache Sonde
2026-06-30 17:02:31.745,0.0,7.300000000000001,7.3,1.3e-06,1.3e-06,Einfache Sonde
2026-06-30 17:02:31.776,0.0,7.350000000000001,7.34999,1.5e-06,1.5e-06,Einfache Sonde
2026-06-30 17:02:31.807,0.0,7.399999999999999,7.4,1.2e-06,1.2e-06,Einfache Sonde
2026-06-30 17:02:31.837,0.0,7.449999999999999,7.45,1.7e-06,1.7e-06,Einfache Sonde
2026-06-30 17:02:31.868,0.0,7.5,7.5,1.4e-06,1.4e-06,Einfache Sonde
2026-06-30 17:02:31.898,0.0,7.550000000000001,7.55,1.8e-06,1.8e-06,Einfache Sonde
2026-06-30 17:02:31.928,0.0,7.600000000000001,7.6,1.7e-06,1.7e-06,Einfache Sonde
2026-06-30 17:02:31.959,0.0,7.649999999999999,7.65,1.4e-06,1.4e-06,Einfache Sonde
2026-06-30 17:02:31.989,0.0,7.699999999999999,7.7,1.8e-06,1.8e-06,Einfache Sonde
2026-06-30 17:02:32.020,0.0,7.75,7.75,1.4e-06,1.4e-06,Einfache Sonde
2026-06-30 17:02:32.050,0.0,7.800000000000001,7.8,2e-06,2e-06,Einfache Sonde
2026-06-30 17:02:32.081,0.0,7.850000000000001,7.85,1.4e-06,1.4e-06,Einfache Sonde
2026-06-30 17:02:32.111,0.0,7.899999999999999,7.9,1.8e-06,1.8e-06,Einfache Sonde
2026-06-30 17:02:32.141,0.0,7.949999999999999,7.95,1.1e-06,1.1e-06,Einfache Sonde
2026-06-30 17:02:32.179,0.0,8.0,8.0,1.6e-06,1.6e-06,Einfache Sonde
2026-06-30 17:02:32.209,0.0,8.05,8.05,1.8e-06,1.8e-06,Einfache Sonde
2026-06-30 17:02:32.240,0.0,8.100000000000001,8.1,1.2e-06,1.2e-06,Einfache Sonde
2026-06-30 17:02:32.271,0.0,8.149999999999999,8.15,2.1e-06,2.1e-06,Einfache Sonde
2026-06-30 17:02:32.301,0.0,8.2,8.2,1.5e-06,1.5e-06,Einfache Sonde
2026-06-30 17:02:32.331,0.0,8.25,8.25,1.9e-06,1.9e-06,Einfache Sonde
2026-06-30 17:02:32.362,0.0,8.3,8.3,1.2e-06,1.2e-06,Einfache Sonde
2026-06-30 17:02:32.392,0.0,8.350000000000001,8.35,1.8e-06,1.8e-06,Einfache Sonde
2026-06-30 17:02:32.423,0.0,8.399999999999999,8.4,1.2e-06,1.2e-06,Einfache Sonde
2026-06-30 17:02:32.453,0.0,8.45,8.45,1.6e-06,1.6e-06,Einfache Sonde
2026-06-30 17:02:32.483,0.0,8.5,8.5,1.3e-06,1.3e-06,Einfache Sonde
2026-06-30 17:02:32.514,0.0,8.55,8.55,1.4e-06,1.4e-06,Einfache Sonde
2026-06-30 17:02:32.544,0.0,8.600000000000001,8.6,1.5e-06,1.5e-06,Einfache Sonde
2026-06-30 17:02:32.575,0.0,8.649999999999999,8.65,1.5e-06,1.5e-06,Einfache Sonde
2026-06-30 17:02:32.605,0.0,8.7,8.7,1.3e-06,1.3e-06,Einfache Sonde
2026-06-30 17:02:32.636,0.0,8.75,8.75,1.8e-06,1.8e-06,Einfache Sonde
2026-06-30 17:02:32.666,0.0,8.8,8.8,1.2e-06,1.2e-06,Einfache Sonde
2026-06-30 17:02:32.704,0.0,8.850000000000001,8.85,1.8e-06,1.8e-06,Einfache Sonde
2026-06-30 17:02:32.735,0.0,8.899999999999999,8.9,1.5e-06,1.5e-06,Einfache Sonde
2026-06-30 17:02:32.765,0.0,8.95,8.95,1.5e-06,1.5e-06,Einfache Sonde
2026-06-30 17:02:32.796,0.0,9.0,9.0,2e-06,2e-06,Einfache Sonde
2026-06-30 17:02:32.826,0.0,9.05,9.05,1.4e-06,1.4e-06,Einfache Sonde
2026-06-30 17:02:32.857,0.0,9.100000000000001,9.1,1.9e-06,1.9e-06,Einfache Sonde
2026-06-30 17:02:32.887,0.0,9.149999999999999,9.15,1.3e-06,1.3e-06,Einfache Sonde
2026-06-30 17:02:32.917,0.0,9.2,9.2,1.8e-06,1.8e-06,Einfache Sonde
2026-06-30 17:02:32.948,0.0,9.25,9.25,1.4e-06,1.4e-06,Einfache Sonde
2026-06-30 17:02:32.978,0.0,9.3,9.3,1.6e-06,1.6e-06,Einfache Sonde
2026-06-30 17:02:33.009,0.0,9.350000000000001,9.35,1.7e-06,1.7e-06,Einfache Sonde
2026-06-30 17:02:33.039,0.0,9.399999999999999,9.4,1.5e-06,1.5e-06,Einfache Sonde
2026-06-30 17:02:33.070,0.0,9.45,9.45,1.7e-06,1.7e-06,Einfache Sonde
2026-06-30 17:02:33.100,0.0,9.5,9.5,1.4e-06,1.4e-06,Einfache Sonde
2026-06-30 17:02:33.130,0.0,9.55,9.55,1.8e-06,1.8e-06,Einfache Sonde
2026-06-30 17:02:33.161,0.0,9.600000000000001,9.6,1.2e-06,1.2e-06,Einfache Sonde
2026-06-30 17:02:33.191,0.0,9.649999999999999,9.65,1.9e-06,1.9e-06,Einfache Sonde
2026-06-30 17:02:33.229,0.0,9.7,9.7,1.5e-06,1.5e-06,Einfache Sonde
2026-06-30 17:02:33.259,0.0,9.75,9.75,1.2e-06,1.2e-06,Einfache Sonde
2026-06-30 17:02:33.290,0.0,9.8,9.8,2e-06,2e-06,Einfache Sonde
2026-06-30 17:02:33.320,0.0,9.850000000000001,9.85,1.4e-06,1.4e-06,Einfache Sonde
2026-06-30 17:02:33.351,0.0,9.899999999999999,9.9,1.9e-06,1.9e-06,Einfache Sonde
2026-06-30 17:02:33.381,0.0,9.95,9.94999,1.3e-06,1.3e-06,Einfache Sonde
2026-06-30 17:02:33.412,0.0,10.0,10.0,1.8e-06,1.8e-06,Einfache Sonde
2026-06-30 17:02:33.442,0.0,10.05,10.05,1.3e-06,1.3e-06,Einfache Sonde
2026-06-30 17:02:33.473,0.0,10.100000000000001,10.1,1.8e-06,1.8e-06,Einfache Sonde
2026-06-30 17:02:33.503,0.0,10.149999999999999,10.15,1.3e-06,1.3e-06,Einfache Sonde
2026-06-30 17:02:33.533,0.0,10.2,10.2,1.6e-06,1.6e-06,Einfache Sonde
2026-06-30 17:02:33.563,0.0,10.25,10.25,1.4e-06,1.4e-06,Einfache Sonde
2026-06-30 17:02:33.594,0.0,10.3,10.3,1.6e-06,1.6e-06,Einfache Sonde
2026-06-30 17:02:33.624,0.0,10.350000000000001,10.35,1.6e-06,1.6e-06,Einfache Sonde
2026-06-30 17:02:33.654,0.0,10.399999999999999,10.4,1.7e-06,1.7e-06,Einfache Sonde
2026-06-30 17:02:33.685,0.0,10.45,10.45,1.3e-06,1.3e-06,Einfache Sonde
2026-06-30 17:02:33.715,0.0,10.5,10.5,1.7e-06,1.7e-06,Einfache Sonde
2026-06-30 17:02:33.753,0.0,10.55,10.55,1.2e-06,1.2e-06,Einfache Sonde
2026-06-30 17:02:33.784,0.0,10.600000000000001,10.6,1.6e-06,1.6e-06,Einfache Sonde
2026-06-30 17:02:33.814,0.0,10.649999999999999,10.65,1.5e-06,1.5e-06,Einfache Sonde
2026-06-30 17:02:33.845,0.0,10.7,10.7,1.5e-06,1.5e-06,Einfache Sonde
2026-06-30 17:02:33.875,0.0,10.75,10.75,1.7e-06,1.7e-06,Einfache Sonde
2026-06-30 17:02:33.905,0.0,10.8,10.79999,1.4e-06,1.4e-06,Einfache Sonde
2026-06-30 17:02:33.936,0.0,10.850000000000001,10.85,2e-06,2e-06,Einfache Sonde
2026-06-30 17:02:33.966,0.0,10.899999999999999,10.9,1.1e-06,1.1e-06,Einfache Sonde
2026-06-30 17:02:33.997,0.0,10.95,10.95,1.7e-06,1.7e-06,Einfache Sonde
2026-06-30 17:02:34.027,0.0,11.0,11.0,1.2e-06,1.2e-06,Einfache Sonde
2026-06-30 17:02:34.057,0.0,11.05,11.05,1.8e-06,1.8e-06,Einfache Sonde
2026-06-30 17:02:34.088,0.0,11.100000000000001,11.1,1.3e-06,1.3e-06,Einfache Sonde
2026-06-30 17:02:34.118,0.0,11.149999999999999,11.15,1.3e-06,1.3e-06,Einfache Sonde
2026-06-30 17:02:34.148,0.0,11.2,11.2,1.7e-06,1.7e-06,Einfache Sonde
2026-06-30 17:02:34.179,0.0,11.25,11.25,1.3e-06,1.3e-06,Einfache Sonde
2026-06-30 17:02:34.209,0.0,11.3,11.3,2e-06,2e-06,Einfache Sonde
2026-06-30 17:02:34.240,0.0,11.350000000000001,11.35,1.1e-06,1.1e-06,Einfache Sonde
2026-06-30 17:02:34.278,0.0,11.399999999999999,11.4,1.8e-06,1.8e-06,Einfache Sonde
2026-06-30 17:02:34.308,0.0,11.45,11.45,1.5e-06,1.5e-06,Einfache Sonde
2026-06-30 17:02:34.339,0.0,11.5,11.5,1.1e-06,1.1e-06,Einfache Sonde
2026-06-30 17:02:34.369,0.0,11.55,11.55,1.7e-06,1.7e-06,Einfache Sonde
2026-06-30 17:02:34.399,0.0,11.600000000000001,11.6,1.1e-06,1.1e-06,Einfache Sonde
2026-06-30 17:02:34.430,0.0,11.649999999999999,11.65,2e-06,2e-06,Einfache Sonde
2026-06-30 17:02:34.460,0.0,11.7,11.7,1.5e-06,1.5e-06,Einfache Sonde
2026-06-30 17:02:34.491,0.0,11.75,11.75,1.8e-06,1.8e-06,Einfache Sonde
2026-06-30 17:02:34.521,0.0,11.8,11.8,1.4e-06,1.4e-06,Einfache Sonde
2026-06-30 17:02:34.551,0.0,11.850000000000001,11.85,1.5e-06,1.5e-06,Einfache Sonde
2026-06-30 17:02:34.582,0.0,11.899999999999999,11.9,1.4e-06,1.4e-06,Einfache Sonde
2026-06-30 17:02:34.612,0.0,11.95,11.95,1.8e-06,1.8e-06,Einfache Sonde
2026-06-30 17:02:34.643,0.0,12.0,12.0,1.5e-06,1.5e-06,Einfache Sonde
2026-06-30 17:02:34.673,0.0,12.049999999999997,12.05,1.8e-06,1.8e-06,Einfache Sonde
2026-06-30 17:02:34.704,0.0,12.100000000000001,12.1,1.6e-06,1.6e-06,Einfache Sonde
2026-06-30 17:02:34.734,0.0,12.149999999999999,12.15,1.6e-06,1.6e-06,Einfache Sonde
2026-06-30 17:02:34.764,0.0,12.200000000000003,12.2,1.5e-06,1.5e-06,Einfache Sonde
2026-06-30 17:02:34.803,0.0,12.25,12.25,1.7e-06,1.7e-06,Einfache Sonde
2026-06-30 17:02:34.833,0.0,12.299999999999997,12.3,1.5e-06,1.5e-06,Einfache Sonde
2026-06-30 17:02:34.864,0.0,12.350000000000001,12.35,1.2e-06,1.2e-06,Einfache Sonde
2026-06-30 17:02:34.894,0.0,12.399999999999999,12.4,1.4e-06,1.4e-06,Einfache Sonde
2026-06-30 17:02:34.924,0.0,12.450000000000003,12.45,1.3e-06,1.3e-06,Einfache Sonde
2026-06-30 17:02:34.955,0.0,12.5,12.5,1.7e-06,1.7e-06,Einfache Sonde
2026-06-30 17:02:34.985,0.0,12.549999999999997,12.55,1.1e-06,1.1e-06,Einfache Sonde
2026-06-30 17:02:35.016,0.0,12.600000000000001,12.6,1.9e-06,1.9e-06,Einfache Sonde
2026-06-30 17:02:35.046,0.0,12.649999999999999,12.65,1.3e-06,1.3e-06,Einfache Sonde
2026-06-30 17:02:35.076,0.0,12.700000000000003,12.7,1.7e-06,1.7e-06,Einfache Sonde
2026-06-30 17:02:35.107,0.0,12.75,12.75,1.5e-06,1.5e-06,Einfache Sonde
2026-06-30 17:02:35.137,0.0,12.799999999999997,12.8,1.3e-06,1.3e-06,Einfache Sonde
2026-06-30 17:02:35.168,0.0,12.850000000000001,12.85,1.6e-06,1.6e-06,Einfache Sonde
2026-06-30 17:02:35.198,0.0,12.899999999999999,12.9,1.5e-06,1.5e-06,Einfache Sonde
2026-06-30 17:02:35.228,0.0,12.950000000000003,12.95,1.9e-06,1.9e-06,Einfache Sonde
2026-06-30 17:02:35.259,0.0,13.0,13.0,1.1e-06,1.1e-06,Einfache Sonde
2026-06-30 17:02:35.289,0.0,13.049999999999997,13.05,1.8e-06,1.8e-06,Einfache Sonde
2026-06-30 17:02:35.328,0.0,13.100000000000001,13.1,9e-07,9e-07,Einfache Sonde
2026-06-30 17:02:35.358,0.0,13.149999999999999,13.15,1.2e-06,1.2e-06,Einfache Sonde
2026-06-30 17:02:35.388,0.0,13.200000000000003,13.2,1.6e-06,1.6e-06,Einfache Sonde
2026-06-30 17:02:35.419,0.0,13.25,13.25,1.1e-06,1.1e-06,Einfache Sonde
2026-06-30 17:02:35.449,0.0,13.299999999999997,13.3,1.6e-06,1.6e-06,Einfache Sonde
2026-06-30 17:02:35.479,0.0,13.350000000000001,13.34999,1e-06,1e-06,Einfache Sonde
2026-06-30 17:02:35.510,0.0,13.399999999999999,13.4,1.7e-06,1.7e-06,Einfache Sonde
2026-06-30 17:02:35.540,0.0,13.450000000000003,13.45,1e-06,1e-06,Einfache Sonde
2026-06-30 17:02:35.571,0.0,13.5,13.5,1.4e-06,1.4e-06,Einfache Sonde
2026-06-30 17:02:35.601,0.0,13.549999999999997,13.55,1.2e-06,1.2e-06,Einfache Sonde
2026-06-30 17:02:35.632,0.0,13.600000000000001,13.6,1.6e-06,1.6e-06,Einfache Sonde
2026-06-30 17:02:35.662,0.0,13.649999999999999,13.65,1.5e-06,1.5e-06,Einfache Sonde
2026-06-30 17:02:35.692,0.0,13.700000000000003,13.7,1.5e-06,1.5e-06,Einfache Sonde
2026-06-30 17:02:35.723,0.0,13.75,13.75,1.5e-06,1.5e-06,Einfache Sonde
2026-06-30 17:02:35.753,0.0,13.799999999999997,13.8,1.6e-06,1.6e-06,Einfache Sonde
2026-06-30 17:02:35.784,0.0,13.850000000000001,13.85,1.2e-06,1.2e-06,Einfache Sonde
2026-06-30 17:02:35.815,0.0,13.899999999999999,13.9,1.7e-06,1.7e-06,Einfache Sonde
2026-06-30 17:02:35.853,0.0,13.950000000000003,13.95,1.2e-06,1.2e-06,Einfache Sonde
2026-06-30 17:02:35.883,0.0,14.0,14.0,1.5e-06,1.5e-06,Einfache Sonde
2026-06-30 17:02:35.914,0.0,14.049999999999997,14.05,1.9e-06,1.9e-06,Einfache Sonde
2026-06-30 17:02:35.944,0.0,14.100000000000001,14.1,1.5e-06,1.5e-06,Einfache Sonde
2026-06-30 17:02:35.974,0.0,14.149999999999999,14.15,1.7e-06,1.7e-06,Einfache Sonde
2026-06-30 17:02:36.005,0.0,14.200000000000003,14.2,1.4e-06,1.4e-06,Einfache Sonde
2026-06-30 17:02:36.035,0.0,14.25,14.25,1.7e-06,1.7e-06,Einfache Sonde
2026-06-30 17:02:36.065,0.0,14.299999999999997,14.3,1.2e-06,1.2e-06,Einfache Sonde
2026-06-30 17:02:36.096,0.0,14.350000000000001,14.35,1.8e-06,1.8e-06,Einfache Sonde
2026-06-30 17:02:36.127,0.0,14.399999999999999,14.4,1.5e-06,1.5e-06,Einfache Sonde
2026-06-30 17:02:36.157,0.0,14.450000000000003,14.45,1.6e-06,1.6e-06,Einfache Sonde
2026-06-30 17:02:36.187,0.0,14.5,14.5,1.5e-06,1.5e-06,Einfache Sonde
2026-06-30 17:02:36.218,0.0,14.549999999999997,14.55,1.1e-06,1.1e-06,Einfache Sonde
2026-06-30 17:02:36.248,0.0,14.600000000000001,14.6,1.5e-06,1.5e-06,Einfache Sonde
2026-06-30 17:02:36.279,0.0,14.649999999999999,14.65,1.1e-06,1.1e-06,Einfache Sonde
2026-06-30 17:02:36.309,0.0,14.700000000000003,14.7,1.7e-06,1.7e-06,Einfache Sonde
2026-06-30 17:02:36.339,0.0,14.75,14.75,1.1e-06,1.1e-06,Einfache Sonde
2026-06-30 17:02:36.378,0.0,14.799999999999997,14.8,1.6e-06,1.6e-06,Einfache Sonde
2026-06-30 17:02:36.408,0.0,14.850000000000001,14.85,1.7e-06,1.7e-06,Einfache Sonde
2026-06-30 17:02:36.439,0.0,14.899999999999999,14.9,1.1e-06,1.1e-06,Einfache Sonde
2026-06-30 17:02:36.469,0.0,14.950000000000003,14.95,1.7e-06,1.7e-06,Einfache Sonde
2026-06-30 17:02:36.499,0.0,15.0,14.99999,9e-07,9e-07,Einfache Sonde
2026-06-30 17:02:36.530,0.0,15.049999999999997,15.05,1.7e-06,1.7e-06,Einfache Sonde
2026-06-30 17:02:36.560,0.0,15.100000000000001,15.1,1.3e-06,1.3e-06,Einfache Sonde
2026-06-30 17:02:36.591,0.0,15.149999999999999,15.15,1.8e-06,1.8e-06,Einfache Sonde
2026-06-30 17:02:36.621,0.0,15.200000000000003,15.2,1.4e-06,1.4e-06,Einfache Sonde
2026-06-30 17:02:36.652,0.0,15.25,15.25,1.4e-06,1.4e-06,Einfache Sonde
2026-06-30 17:02:36.682,0.0,15.299999999999997,15.3,1.3e-06,1.3e-06,Einfache Sonde
2026-06-30 17:02:36.712,0.0,15.350000000000001,15.35,1.4e-06,1.4e-06,Einfache Sonde
2026-06-30 17:02:36.743,0.0,15.399999999999999,15.4,1.5e-06,1.5e-06,Einfache Sonde
2026-06-30 17:02:36.773,0.0,15.450000000000003,15.45,1.4e-06,1.4e-06,Einfache Sonde
2026-06-30 17:02:36.803,0.0,15.5,15.5,1.5e-06,1.5e-06,Einfache Sonde
2026-06-30 17:02:36.834,0.0,15.549999999999997,15.54999,2e-06,2e-06,Einfache Sonde
2026-06-30 17:02:36.864,0.0,15.600000000000001,15.6,1.3e-06,1.3e-06,Einfache Sonde
2026-06-30 17:02:36.903,0.0,15.649999999999999,15.65,1.7e-06,1.7e-06,Einfache Sonde
2026-06-30 17:02:36.933,0.0,15.700000000000003,15.7,1.6e-06,1.6e-06,Einfache Sonde
2026-06-30 17:02:36.963,0.0,15.75,15.75,1.4e-06,1.4e-06,Einfache Sonde
2026-06-30 17:02:36.994,0.0,15.799999999999997,15.8,1.7e-06,1.7e-06,Einfache Sonde
2026-06-30 17:02:37.024,0.0,15.850000000000001,15.85,1.3e-06,1.3e-06,Einfache Sonde
2026-06-30 17:02:37.055,0.0,15.899999999999999,15.9,1.6e-06,1.6e-06,Einfache Sonde
2026-06-30 17:02:37.085,0.0,15.950000000000003,15.95,1.3e-06,1.3e-06,Einfache Sonde
2026-06-30 17:02:37.115,0.0,16.0,16.0,1.8e-06,1.8e-06,Einfache Sonde
2026-06-30 17:02:37.146,0.0,16.049999999999997,16.05,1.7e-06,1.7e-06,Einfache Sonde
2026-06-30 17:02:37.176,0.0,16.1,16.1,1.6e-06,1.6e-06,Einfache Sonde
2026-06-30 17:02:37.206,0.0,16.15,16.15,1.5e-06,1.5e-06,Einfache Sonde
2026-06-30 17:02:37.237,0.0,16.200000000000003,16.2,1.5e-06,1.5e-06,Einfache Sonde
2026-06-30 17:02:37.267,0.0,16.25,16.25,1.6e-06,1.6e-06,Einfache Sonde
2026-06-30 17:02:37.297,0.0,16.299999999999997,16.3,1.5e-06,1.5e-06,Einfache Sonde
2026-06-30 17:02:37.328,0.0,16.35,16.35,2e-06,2e-06,Einfache Sonde
2026-06-30 17:02:37.359,0.0,16.4,16.4,1.2e-06,1.2e-06,Einfache Sonde
2026-06-30 17:02:37.389,0.0,16.450000000000003,16.45,2e-06,2e-06,Einfache Sonde
2026-06-30 17:02:37.427,0.0,16.5,16.5,1.5e-06,1.5e-06,Einfache Sonde
2026-06-30 17:02:37.458,0.0,16.549999999999997,16.55,1.6e-06,1.6e-06,Einfache Sonde
2026-06-30 17:02:37.488,0.0,16.6,16.6,2.1e-06,2.1e-06,Einfache Sonde
2026-06-30 17:02:37.518,0.0,16.65,16.65,1.4e-06,1.4e-06,Einfache Sonde
2026-06-30 17:02:37.549,0.0,16.700000000000003,16.7,2.1e-06,2.1e-06,Einfache Sonde
2026-06-30 17:02:37.579,0.0,16.75,16.75,1.4e-06,1.4e-06,Einfache Sonde
2026-06-30 17:02:37.610,0.0,16.799999999999997,16.8,1.9e-06,1.9e-06,Einfache Sonde
2026-06-30 17:02:37.640,0.0,16.85,16.85,1.4e-06,1.4e-06,Einfache Sonde
2026-06-30 17:02:37.670,0.0,16.9,16.9,1.8e-06,1.8e-06,Einfache Sonde
2026-06-30 17:02:37.701,0.0,16.950000000000003,16.95,1.7e-06,1.7e-06,Einfache Sonde
2026-06-30 17:02:37.731,0.0,17.0,17.0,1.8e-06,1.8e-06,Einfache Sonde
2026-06-30 17:02:37.761,0.0,17.049999999999997,17.05,1.6e-06,1.6e-06,Einfache Sonde
2026-06-30 17:02:37.791,0.0,17.1,17.1,1.6e-06,1.6e-06,Einfache Sonde
2026-06-30 17:02:37.822,0.0,17.15,17.15,1.8e-06,1.8e-06,Einfache Sonde
2026-06-30 17:02:37.853,0.0,17.200000000000003,17.2,2e-06,2e-06,Einfache Sonde
2026-06-30 17:02:37.883,0.0,17.25,17.25,1.7e-06,1.7e-06,Einfache Sonde
2026-06-30 17:02:37.913,0.0,17.299999999999997,17.3,1.7e-06,1.7e-06,Einfache Sonde
2026-06-30 17:02:37.951,0.0,17.35,17.35,1.4e-06,1.4e-06,Einfache Sonde
2026-06-30 17:02:37.982,0.0,17.4,17.4,1.7e-06,1.7e-06,Einfache Sonde
2026-06-30 17:02:38.012,0.0,17.450000000000003,17.45,1.6e-06,1.6e-06,Einfache Sonde
2026-06-30 17:02:38.042,0.0,17.5,17.5,1.5e-06,1.5e-06,Einfache Sonde
2026-06-30 17:02:38.073,0.0,17.549999999999997,17.55,1.5e-06,1.5e-06,Einfache Sonde
2026-06-30 17:02:38.103,0.0,17.6,17.6,1.1e-06,1.1e-06,Einfache Sonde
2026-06-30 17:02:38.133,0.0,17.65,17.65,1.9e-06,1.9e-06,Einfache Sonde
2026-06-30 17:02:38.164,0.0,17.700000000000003,17.7,1.5e-06,1.5e-06,Einfache Sonde
2026-06-30 17:02:38.194,0.0,17.75,17.75,1.8e-06,1.8e-06,Einfache Sonde
2026-06-30 17:02:38.225,0.0,17.799999999999997,17.8,1.3e-06,1.3e-06,Einfache Sonde
2026-06-30 17:02:38.255,0.0,17.85,17.85,2e-06,2e-06,Einfache Sonde
2026-06-30 17:02:38.285,0.0,17.9,17.9,1.7e-06,1.7e-06,Einfache Sonde
2026-06-30 17:02:38.316,0.0,17.950000000000003,17.95,1.8e-06,1.8e-06,Einfache Sonde
2026-06-30 17:02:38.347,0.0,18.0,18.0,1.8e-06,1.8e-06,Einfache Sonde
2026-06-30 17:02:38.377,0.0,18.049999999999997,18.05,1.3e-06,1.3e-06,Einfache Sonde
2026-06-30 17:02:38.407,0.0,18.1,18.1,1.7e-06,1.7e-06,Einfache Sonde
2026-06-30 17:02:38.438,0.0,18.15,18.15,1.1e-06,1.1e-06,Einfache Sonde
2026-06-30 17:02:38.476,0.0,18.200000000000003,18.2,1.9e-06,1.9e-06,Einfache Sonde
2026-06-30 17:02:38.506,0.0,18.25,18.25,1.5e-06,1.5e-06,Einfache Sonde
2026-06-30 17:02:38.537,0.0,18.299999999999997,18.3,1.5e-06,1.5e-06,Einfache Sonde
2026-06-30 17:02:38.567,0.0,18.35,18.35,1.9e-06,1.9e-06,Einfache Sonde
2026-06-30 17:02:38.598,0.0,18.4,18.4,1.3e-06,1.3e-06,Einfache Sonde
2026-06-30 17:02:38.628,0.0,18.450000000000003,18.45,2e-06,2e-06,Einfache Sonde
2026-06-30 17:02:38.659,0.0,18.5,18.5,1.3e-06,1.3e-06,Einfache Sonde
2026-06-30 17:02:38.689,0.0,18.549999999999997,18.55,1.7e-06,1.7e-06,Einfache Sonde
2026-06-30 17:02:38.719,0.0,18.6,18.59999,1.4e-06,1.4e-06,Einfache Sonde
2026-06-30 17:02:38.750,0.0,18.65,18.65,1.4e-06,1.4e-06,Einfache Sonde
2026-06-30 17:02:38.780,0.0,18.700000000000003,18.7,1.5e-06,1.5e-06,Einfache Sonde
2026-06-30 17:02:38.810,0.0,18.75,18.75,1.6e-06,1.6e-06,Einfache Sonde
2026-06-30 17:02:38.841,0.0,18.799999999999997,18.8,1.3e-06,1.3e-06,Einfache Sonde
2026-06-30 17:02:38.872,0.0,18.85,18.85,1.4e-06,1.4e-06,Einfache Sonde
2026-06-30 17:02:38.902,0.0,18.9,18.9,1.4e-06,1.4e-06,Einfache Sonde
2026-06-30 17:02:38.932,0.0,18.950000000000003,18.95,1.5e-06,1.5e-06,Einfache Sonde
2026-06-30 17:02:38.963,0.0,19.0,19.0,1.2e-06,1.2e-06,Einfache Sonde
2026-06-30 17:02:39.001,0.0,19.049999999999997,19.05,1.5e-06,1.5e-06,Einfache Sonde
2026-06-30 17:02:39.032,0.0,19.1,19.1,1.5e-06,1.5e-06,Einfache Sonde
2026-06-30 17:02:39.062,0.0,19.15,19.15,1.6e-06,1.6e-06,Einfache Sonde
2026-06-30 17:02:39.092,0.0,19.200000000000003,19.2,1.8e-06,1.8e-06,Einfache Sonde
2026-06-30 17:02:39.123,0.0,19.25,19.25,1.6e-06,1.6e-06,Einfache Sonde
2026-06-30 17:02:39.153,0.0,19.299999999999997,19.3,1.6e-06,1.6e-06,Einfache Sonde
2026-06-30 17:02:39.184,0.0,19.35,19.34999,1.1e-06,1.1e-06,Einfache Sonde
2026-06-30 17:02:39.214,0.0,19.4,19.4,1.6e-06,1.6e-06,Einfache Sonde
2026-06-30 17:02:39.244,0.0,19.450000000000003,19.45,1.1e-06,1.1e-06,Einfache Sonde
2026-06-30 17:02:39.275,0.0,19.5,19.5,1.7e-06,1.7e-06,Einfache Sonde
2026-06-30 17:02:39.305,0.0,19.549999999999997,19.55,1.5e-06,1.5e-06,Einfache Sonde
2026-06-30 17:02:39.336,0.0,19.6,19.6,1.4e-06,1.4e-06,Einfache Sonde
2026-06-30 17:02:39.366,0.0,19.65,19.65,1.7e-06,1.7e-06,Einfache Sonde
2026-06-30 17:02:39.396,0.0,19.700000000000003,19.7,1.3e-06,1.3e-06,Einfache Sonde
2026-06-30 17:02:39.427,0.0,19.75,19.75,2e-06,2e-06,Einfache Sonde
2026-06-30 17:02:39.457,0.0,19.799999999999997,19.8,1.2e-06,1.2e-06,Einfache Sonde
2026-06-30 17:02:39.488,0.0,19.85,19.85,1.8e-06,1.8e-06,Einfache Sonde
2026-06-30 17:02:39.526,0.0,19.9,19.9,1.2e-06,1.2e-06,Einfache Sonde
2026-06-30 17:02:39.556,0.0,19.950000000000003,19.95,1.2e-06,1.2e-06,Einfache Sonde
2026-06-30 17:02:39.587,0.0,20.0,20.0,1.6e-06,1.6e-06,Einfache Sonde
2026-06-30 17:02:39.617,0.0,20.049999999999997,20.05,1e-06,1e-06,Einfache Sonde
2026-06-30 17:02:39.664,0.0,20.1,20.1,1e-06,1e-06,Einfache Sonde
2026-06-30 17:02:39.694,0.0,20.15,20.15,1.6e-06,1.6e-06,Einfache Sonde
2026-06-30 17:02:39.724,0.0,20.200000000000003,20.2,1.2e-06,1.2e-06,Einfache Sonde
2026-06-30 17:02:39.754,0.0,20.25,20.25,1.4e-06,1.4e-06,Einfache Sonde
2026-06-30 17:02:39.785,0.0,20.299999999999997,20.3,1.2e-06,1.2e-06,Einfache Sonde
2026-06-30 17:02:39.815,0.0,20.35,20.35,1.1e-06,1.1e-06,Einfache Sonde
2026-06-30 17:02:39.846,0.0,20.4,20.4,1.5e-06,1.5e-06,Einfache Sonde
2026-06-30 17:02:39.877,0.0,20.450000000000003,20.45,1e-06,1e-06,Einfache Sonde
2026-06-30 17:02:39.907,0.0,20.5,20.5,1.4e-06,1.4e-06,Einfache Sonde
2026-06-30 17:02:39.938,0.0,20.549999999999997,20.55,1.3e-06,1.3e-06,Einfache Sonde
2026-06-30 17:02:39.968,0.0,20.6,20.6,1.7e-06,1.7e-06,Einfache Sonde
2026-06-30 17:02:39.999,0.0,20.65,20.65,1.1e-06,1.1e-06,Einfache Sonde
2026-06-30 17:02:40.051,0.0,20.700000000000003,20.7,1.5e-06,1.5e-06,Einfache Sonde
2026-06-30 17:02:40.082,0.0,20.75,20.75,1.3e-06,1.3e-06,Einfache Sonde
2026-06-30 17:02:40.112,0.0,20.799999999999997,20.8,1.4e-06,1.4e-06,Einfache Sonde
2026-06-30 17:02:40.142,0.0,20.85,20.85,1.2e-06,1.2e-06,Einfache Sonde
2026-06-30 17:02:40.173,0.0,20.9,20.9,1.4e-06,1.4e-06,Einfache Sonde
2026-06-30 17:02:40.203,0.0,20.950000000000003,20.95,1.3e-06,1.3e-06,Einfache Sonde
2026-06-30 17:02:40.234,0.0,21.0,21.0,1.7e-06,1.7e-06,Einfache Sonde
2026-06-30 17:02:40.264,0.0,21.049999999999997,21.05,1.2e-06,1.2e-06,Einfache Sonde
2026-06-30 17:02:40.294,0.0,21.1,21.1,1.6e-06,1.6e-06,Einfache Sonde
2026-06-30 17:02:40.325,0.0,21.15,21.15,1.4e-06,1.4e-06,Einfache Sonde
2026-06-30 17:02:40.355,0.0,21.200000000000003,21.2,1.6e-06,1.6e-06,Einfache Sonde
2026-06-30 17:02:40.386,0.0,21.25,21.25,1.7e-06,1.7e-06,Einfache Sonde
2026-06-30 17:02:40.416,0.0,21.299999999999997,21.3,1.2e-06,1.2e-06,Einfache Sonde
2026-06-30 17:02:40.447,0.0,21.35,21.35,1.8e-06,1.8e-06,Einfache Sonde
2026-06-30 17:02:40.477,0.0,21.4,21.4,1.1e-06,1.1e-06,Einfache Sonde
2026-06-30 17:02:40.508,0.0,21.450000000000003,21.45,1.8e-06,1.8e-06,Einfache Sonde
2026-06-30 17:02:40.538,0.0,21.5,21.5,1.2e-06,1.2e-06,Einfache Sonde
2026-06-30 17:02:40.587,0.0,21.549999999999997,21.55,1.5e-06,1.5e-06,Einfache Sonde
2026-06-30 17:02:40.618,0.0,21.6,21.6,1.3e-06,1.3e-06,Einfache Sonde
2026-06-30 17:02:40.648,0.0,21.65,21.65,1.9e-06,1.9e-06,Einfache Sonde
2026-06-30 17:02:40.679,0.0,21.700000000000003,21.7,1.7e-06,1.7e-06,Einfache Sonde
2026-06-30 17:02:40.709,0.0,21.75,21.75,1.9e-06,1.9e-06,Einfache Sonde
2026-06-30 17:02:40.739,0.0,21.799999999999997,21.8,1.5e-06,1.5e-06,Einfache Sonde
2026-06-30 17:02:40.770,0.0,21.85,21.85,1.7e-06,1.7e-06,Einfache Sonde
2026-06-30 17:02:40.800,0.0,21.9,21.9,1.7e-06,1.7e-06,Einfache Sonde
2026-06-30 17:02:40.831,0.0,21.950000000000003,21.95,1.7e-06,1.7e-06,Einfache Sonde
2026-06-30 17:02:40.861,0.0,22.0,22.0,1.3e-06,1.3e-06,Einfache Sonde
2026-06-30 17:02:40.892,0.0,22.049999999999997,22.05,1.9e-06,1.9e-06,Einfache Sonde
2026-06-30 17:02:40.922,0.0,22.1,22.1,1.7e-06,1.7e-06,Einfache Sonde
2026-06-30 17:02:40.952,0.0,22.15,22.15,1.8e-06,1.8e-06,Einfache Sonde
2026-06-30 17:02:40.983,0.0,22.200000000000003,22.2,1.3e-06,1.3e-06,Einfache Sonde
2026-06-30 17:02:41.013,0.0,22.25,22.25,1.9e-06,1.9e-06,Einfache Sonde
2026-06-30 17:02:41.043,0.0,22.299999999999997,22.3,1.4e-06,1.4e-06,Einfache Sonde
2026-06-30 17:02:41.074,0.0,22.35,22.35,1.6e-06,1.6e-06,Einfache Sonde
2026-06-30 17:02:41.112,0.0,22.4,22.4,1.4e-06,1.4e-06,Einfache Sonde
2026-06-30 17:02:41.142,0.0,22.450000000000003,22.45,1.3e-06,1.3e-06,Einfache Sonde
2026-06-30 17:02:41.173,0.0,22.5,22.5,1.9e-06,1.9e-06,Einfache Sonde
2026-06-30 17:02:41.203,0.0,22.549999999999997,22.55,1.4e-06,1.4e-06,Einfache Sonde
2026-06-30 17:02:41.234,0.0,22.6,22.6,1.9e-06,1.9e-06,Einfache Sonde
2026-06-30 17:02:41.265,0.0,22.65,22.65,1.8e-06,1.8e-06,Einfache Sonde
2026-06-30 17:02:41.295,0.0,22.700000000000003,22.7,1.7e-06,1.7e-06,Einfache Sonde
2026-06-30 17:02:41.325,0.0,22.75,22.75,1.6e-06,1.6e-06,Einfache Sonde
2026-06-30 17:02:41.356,0.0,22.799999999999997,22.8,1.3e-06,1.3e-06,Einfache Sonde
2026-06-30 17:02:41.386,0.0,22.85,22.85,1.8e-06,1.8e-06,Einfache Sonde
2026-06-30 17:02:41.417,0.0,22.9,22.9,1.4e-06,1.4e-06,Einfache Sonde
2026-06-30 17:02:41.447,0.0,22.950000000000003,22.95,1.7e-06,1.7e-06,Einfache Sonde
2026-06-30 17:02:41.478,0.0,23.0,23.0,1.1e-06,1.1e-06,Einfache Sonde
2026-06-30 17:02:41.508,0.0,23.049999999999997,23.05,1.7e-06,1.7e-06,Einfache Sonde
2026-06-30 17:02:41.539,0.0,23.1,23.1,1.4e-06,1.4e-06,Einfache Sonde
2026-06-30 17:02:41.569,0.0,23.15,23.15,1.7e-06,1.7e-06,Einfache Sonde
2026-06-30 17:02:41.599,0.0,23.200000000000003,23.2,1.3e-06,1.3e-06,Einfache Sonde
2026-06-30 17:02:41.637,0.0,23.25,23.25,1.4e-06,1.4e-06,Einfache Sonde
2026-06-30 17:02:41.668,0.0,23.299999999999997,23.3,1.7e-06,1.7e-06,Einfache Sonde
2026-06-30 17:02:41.698,0.0,23.35,23.35,1.2e-06,1.2e-06,Einfache Sonde
2026-06-30 17:02:41.729,0.0,23.4,23.4,1.6e-06,1.6e-06,Einfache Sonde
2026-06-30 17:02:41.759,0.0,23.450000000000003,23.45,1.5e-06,1.5e-06,Einfache Sonde
2026-06-30 17:02:41.789,0.0,23.5,23.5,1.6e-06,1.6e-06,Einfache Sonde
2026-06-30 17:02:41.820,0.0,23.549999999999997,23.55,1.3e-06,1.3e-06,Einfache Sonde
2026-06-30 17:02:41.850,0.0,23.6,23.6,1.3e-06,1.3e-06,Einfache Sonde
2026-06-30 17:02:41.880,0.0,23.65,23.65,1.4e-06,1.4e-06,Einfache Sonde
2026-06-30 17:02:41.911,0.0,23.700000000000003,23.7,1.6e-06,1.6e-06,Einfache Sonde
2026-06-30 17:02:41.941,0.0,23.75,23.75,1.5e-06,1.5e-06,Einfache Sonde
2026-06-30 17:02:41.972,0.0,23.799999999999997,23.8,2e-06,2e-06,Einfache Sonde
2026-06-30 17:02:42.002,0.0,23.85,23.85,1.4e-06,1.4e-06,Einfache Sonde
2026-06-30 17:02:42.033,0.0,23.9,23.9,1.8e-06,1.8e-06,Einfache Sonde
2026-06-30 17:02:42.063,0.0,23.950000000000003,23.95,1.4e-06,1.4e-06,Einfache Sonde
2026-06-30 17:02:42.094,0.0,24.0,24.0,1.8e-06,1.8e-06,Einfache Sonde
2026-06-30 17:02:42.124,0.0,24.049999999999997,24.05,1.4e-06,1.4e-06,Einfache Sonde
2026-06-30 17:02:42.162,0.0,24.1,24.1,1.6e-06,1.6e-06,Einfache Sonde
2026-06-30 17:02:42.193,0.0,24.15,24.15,1.7e-06,1.7e-06,Einfache Sonde
2026-06-30 17:02:42.223,0.0,24.200000000000003,24.2,1.5e-06,1.5e-06,Einfache Sonde
2026-06-30 17:02:42.254,0.0,24.25,24.25,1.9e-06,1.9e-06,Einfache Sonde
2026-06-30 17:02:42.284,0.0,24.299999999999997,24.3,1.4e-06,1.4e-06,Einfache Sonde
2026-06-30 17:02:42.315,0.0,24.35,24.35,1.6e-06,1.6e-06,Einfache Sonde
2026-06-30 17:02:42.345,0.0,24.4,24.4,1.7e-06,1.7e-06,Einfache Sonde
2026-06-30 17:02:42.376,0.0,24.450000000000003,24.45,1.2e-06,1.2e-06,Einfache Sonde
2026-06-30 17:02:42.406,0.0,24.5,24.5,1.5e-06,1.5e-06,Einfache Sonde
2026-06-30 17:02:42.437,0.0,24.549999999999997,24.55,1.1e-06,1.1e-06,Einfache Sonde
2026-06-30 17:02:42.467,0.0,24.6,24.6,1.7e-06,1.7e-06,Einfache Sonde
2026-06-30 17:02:42.498,0.0,24.65,24.65,1.1e-06,1.1e-06,Einfache Sonde
2026-06-30 17:02:42.528,0.0,24.700000000000003,24.7,1.5e-06,1.5e-06,Einfache Sonde
2026-06-30 17:02:42.558,0.0,24.75,24.75,1.4e-06,1.4e-06,Einfache Sonde
2026-06-30 17:02:42.589,0.0,24.799999999999997,24.8,1.6e-06,1.6e-06,Einfache Sonde
2026-06-30 17:02:42.619,0.0,24.85,24.85,1.5e-06,1.5e-06,Einfache Sonde
2026-06-30 17:02:42.650,0.0,24.9,24.9,1.5e-06,1.5e-06,Einfache Sonde
2026-06-30 17:02:42.688,0.0,24.950000000000003,24.95,1.5e-06,1.5e-06,Einfache Sonde
2026-06-30 17:02:42.719,0.0,25.0,25.0,1.4e-06,1.4e-06,Einfache Sonde
2026-06-30 17:02:42.749,0.0,25.049999999999997,25.05,1.5e-06,1.5e-06,Einfache Sonde
2026-06-30 17:02:42.779,0.0,25.1,25.1,1.5e-06,1.5e-06,Einfache Sonde
2026-06-30 17:02:42.810,0.0,25.15,25.15,1.5e-06,1.5e-06,Einfache Sonde
2026-06-30 17:02:42.840,0.0,25.200000000000003,25.2,1.6e-06,1.6e-06,Einfache Sonde
2026-06-30 17:02:42.871,0.0,25.25,25.25,1.6e-06,1.6e-06,Einfache Sonde
2026-06-30 17:02:42.901,0.0,25.299999999999997,25.3,1.3e-06,1.3e-06,Einfache Sonde
2026-06-30 17:02:42.932,0.0,25.35,25.35,1.4e-06,1.4e-06,Einfache Sonde
2026-06-30 17:02:42.962,0.0,25.4,25.4,1.2e-06,1.2e-06,Einfache Sonde
2026-06-30 17:02:42.993,0.0,25.450000000000003,25.45,1.6e-06,1.6e-06,Einfache Sonde
2026-06-30 17:02:43.024,0.0,25.5,25.5,1.1e-06,1.1e-06,Einfache Sonde
2026-06-30 17:02:43.054,0.0,25.549999999999997,25.55,1.8e-06,1.8e-06,Einfache Sonde
2026-06-30 17:02:43.084,0.0,25.6,25.6,1.6e-06,1.6e-06,Einfache Sonde
2026-06-30 17:02:43.115,0.0,25.65,25.65,1.2e-06,1.2e-06,Einfache Sonde
2026-06-30 17:02:43.145,0.0,25.700000000000003,25.7,1.9e-06,1.9e-06,Einfache Sonde
2026-06-30 17:02:43.176,0.0,25.75,25.75,1.4e-06,1.4e-06,Einfache Sonde
2026-06-30 17:02:43.214,0.0,25.799999999999997,25.8,2e-06,2e-06,Einfache Sonde
2026-06-30 17:02:43.244,0.0,25.85,25.85,1.4e-06,1.4e-06,Einfache Sonde
2026-06-30 17:02:43.275,0.0,25.9,25.9,1.3e-06,1.3e-06,Einfache Sonde
2026-06-30 17:02:43.305,0.0,25.950000000000003,25.95,1.8e-06,1.8e-06,Einfache Sonde
2026-06-30 17:02:43.336,0.0,26.0,26.0,1.2e-06,1.2e-06,Einfache Sonde
2026-06-30 17:02:43.367,0.0,26.049999999999997,26.05,1.8e-06,1.8e-06,Einfache Sonde
2026-06-30 17:02:43.397,0.0,26.1,26.1,1.2e-06,1.2e-06,Einfache Sonde
2026-06-30 17:02:43.427,0.0,26.15,26.15,1.8e-06,1.8e-06,Einfache Sonde
2026-06-30 17:02:43.458,0.0,26.200000000000003,26.2,1.3e-06,1.3e-06,Einfache Sonde
2026-06-30 17:02:43.488,0.0,26.25,26.25,1.9e-06,1.9e-06,Einfache Sonde
2026-06-30 17:02:43.519,0.0,26.299999999999997,26.3,1.5e-06,1.5e-06,Einfache Sonde
2026-06-30 17:02:43.549,0.0,26.35,26.35,1.9e-06,1.9e-06,Einfache Sonde
2026-06-30 17:02:43.580,0.0,26.4,26.4,1.5e-06,1.5e-06,Einfache Sonde
2026-06-30 17:02:43.610,0.0,26.450000000000003,26.45,1.8e-06,1.8e-06,Einfache Sonde
2026-06-30 17:02:43.640,0.0,26.5,26.5,1.6e-06,1.6e-06,Einfache Sonde
2026-06-30 17:02:43.671,0.0,26.549999999999997,26.55,1.7e-06,1.7e-06,Einfache Sonde
2026-06-30 17:02:43.701,0.0,26.6,26.6,1.5e-06,1.5e-06,Einfache Sonde
2026-06-30 17:02:43.739,0.0,26.65,26.65,1.7e-06,1.7e-06,Einfache Sonde
2026-06-30 17:02:43.770,0.0,26.700000000000003,26.7,1.5e-06,1.5e-06,Einfache Sonde
2026-06-30 17:02:43.800,0.0,26.75,26.75,1.6e-06,1.6e-06,Einfache Sonde
2026-06-30 17:02:43.831,0.0,26.799999999999997,26.8,1.5e-06,1.5e-06,Einfache Sonde
2026-06-30 17:02:43.861,0.0,26.85,26.85,1.4e-06,1.4e-06,Einfache Sonde
2026-06-30 17:02:43.892,0.0,26.9,26.9,1.7e-06,1.7e-06,Einfache Sonde
2026-06-30 17:02:43.922,0.0,26.950000000000003,26.95,1.2e-06,1.2e-06,Einfache Sonde
2026-06-30 17:02:43.953,0.0,27.0,27.0,2e-06,2e-06,Einfache Sonde
2026-06-30 17:02:43.983,0.0,27.049999999999997,27.05,1.3e-06,1.3e-06,Einfache Sonde
2026-06-30 17:02:44.013,0.0,27.1,27.1,1.8e-06,1.8e-06,Einfache Sonde
2026-06-30 17:02:44.044,0.0,27.15,27.15,1.6e-06,1.6e-06,Einfache Sonde
2026-06-30 17:02:44.074,0.0,27.200000000000003,27.2,1.4e-06,1.4e-06,Einfache Sonde
2026-06-30 17:02:44.105,0.0,27.25,27.25,1.9e-06,1.9e-06,Einfache Sonde
2026-06-30 17:02:44.135,0.0,27.299999999999997,27.3,1.2e-06,1.2e-06,Einfache Sonde
2026-06-30 17:02:44.166,0.0,27.35,27.35,1.6e-06,1.6e-06,Einfache Sonde
2026-06-30 17:02:44.196,0.0,27.4,27.4,1.2e-06,1.2e-06,Einfache Sonde
2026-06-30 17:02:44.226,0.0,27.450000000000003,27.45,1.6e-06,1.6e-06,Einfache Sonde
2026-06-30 17:02:44.265,0.0,27.5,27.5,1.3e-06,1.3e-06,Einfache Sonde
2026-06-30 17:02:44.295,0.0,27.549999999999997,27.55,1.4e-06,1.4e-06,Einfache Sonde
2026-06-30 17:02:44.326,0.0,27.6,27.6,1.8e-06,1.8e-06,Einfache Sonde
2026-06-30 17:02:44.356,0.0,27.65,27.65,1.2e-06,1.2e-06,Einfache Sonde
2026-06-30 17:02:44.387,0.0,27.700000000000003,27.7,1.8e-06,1.8e-06,Einfache Sonde
2026-06-30 17:02:44.417,0.0,27.75,27.75,1.4e-06,1.4e-06,Einfache Sonde
2026-06-30 17:02:44.448,0.0,27.799999999999997,27.8,1.8e-06,1.8e-06,Einfache Sonde
2026-06-30 17:02:44.478,0.0,27.85,27.85,1.3e-06,1.3e-06,Einfache Sonde
2026-06-30 17:02:44.509,0.0,27.9,27.9,1.7e-06,1.7e-06,Einfache Sonde
2026-06-30 17:02:44.539,0.0,27.950000000000003,27.95,1.5e-06,1.5e-06,Einfache Sonde
2026-06-30 17:02:44.570,0.0,28.0,28.0,1.6e-06,1.6e-06,Einfache Sonde
2026-06-30 17:02:44.600,0.0,28.049999999999997,28.05,1.5e-06,1.5e-06,Einfache Sonde
2026-06-30 17:02:44.630,0.0,28.1,28.1,1.5e-06,1.5e-06,Einfache Sonde
2026-06-30 17:02:44.661,0.0,28.15,28.15,1.5e-06,1.5e-06,Einfache Sonde
2026-06-30 17:02:44.691,0.0,28.200000000000003,28.2,1.8e-06,1.8e-06,Einfache Sonde
2026-06-30 17:02:44.722,0.0,28.25,28.25,1.3e-06,1.3e-06,Einfache Sonde
2026-06-30 17:02:44.752,0.0,28.299999999999997,28.3,1.7e-06,1.7e-06,Einfache Sonde
2026-06-30 17:02:44.791,0.0,28.35,28.35,1.5e-06,1.5e-06,Einfache Sonde
2026-06-30 17:02:44.821,0.0,28.4,28.4,1.4e-06,1.4e-06,Einfache Sonde
2026-06-30 17:02:44.851,0.0,28.450000000000003,28.45,1.7e-06,1.7e-06,Einfache Sonde
2026-06-30 17:02:44.882,0.0,28.5,28.5,1.3e-06,1.3e-06,Einfache Sonde
2026-06-30 17:02:44.912,0.0,28.549999999999997,28.55,2e-06,2e-06,Einfache Sonde
2026-06-30 17:02:44.943,0.0,28.6,28.6,1.5e-06,1.5e-06,Einfache Sonde
2026-06-30 17:02:44.973,0.0,28.65,28.65,1.5e-06,1.5e-06,Einfache Sonde
2026-06-30 17:02:45.004,0.0,28.700000000000003,28.7,1.2e-06,1.2e-06,Einfache Sonde
2026-06-30 17:02:45.034,0.0,28.75,28.75,1.2e-06,1.2e-06,Einfache Sonde
2026-06-30 17:02:45.065,0.0,28.799999999999997,28.8,1.5e-06,1.5e-06,Einfache Sonde
2026-06-30 17:02:45.095,0.0,28.85,28.85,1.1e-06,1.1e-06,Einfache Sonde
2026-06-30 17:02:45.125,0.0,28.9,28.9,1.7e-06,1.7e-06,Einfache Sonde
2026-06-30 17:02:45.156,0.0,28.950000000000003,28.95,1.2e-06,1.2e-06,Einfache Sonde
2026-06-30 17:02:45.186,0.0,29.0,29.0,1.6e-06,1.6e-06,Einfache Sonde
2026-06-30 17:02:45.217,0.0,29.049999999999997,29.05,1.4e-06,1.4e-06,Einfache Sonde
2026-06-30 17:02:45.247,0.0,29.1,29.1,1.7e-06,1.7e-06,Einfache Sonde
2026-06-30 17:02:45.277,0.0,29.15,29.15,1.3e-06,1.3e-06,Einfache Sonde
2026-06-30 17:02:45.316,0.0,29.200000000000003,29.2,1.4e-06,1.4e-06,Einfache Sonde
2026-06-30 17:02:45.346,0.0,29.25,29.25,1.8e-06,1.8e-06,Einfache Sonde
2026-06-30 17:02:45.377,0.0,29.299999999999997,29.3,1.5e-06,1.5e-06,Einfache Sonde
2026-06-30 17:02:45.408,0.0,29.35,29.35,1.9e-06,1.9e-06,Einfache Sonde
2026-06-30 17:02:45.438,0.0,29.4,29.4,1.5e-06,1.5e-06,Einfache Sonde
2026-06-30 17:02:45.468,0.0,29.450000000000003,29.45,1.6e-06,1.6e-06,Einfache Sonde
2026-06-30 17:02:45.499,0.0,29.5,29.5,1.3e-06,1.3e-06,Einfache Sonde
2026-06-30 17:02:45.529,0.0,29.549999999999997,29.55,1.5e-06,1.5e-06,Einfache Sonde
2026-06-30 17:02:45.560,0.0,29.6,29.6,1.5e-06,1.5e-06,Einfache Sonde
2026-06-30 17:02:45.590,0.0,29.65,29.65,1.3e-06,1.3e-06,Einfache Sonde
2026-06-30 17:02:45.620,0.0,29.700000000000003,29.7,1.2e-06,1.2e-06,Einfache Sonde
2026-06-30 17:02:45.651,0.0,29.75,29.75,1.6e-06,1.6e-06,Einfache Sonde
2026-06-30 17:02:45.681,0.0,29.799999999999997,29.8,1.4e-06,1.4e-06,Einfache Sonde
2026-06-30 17:02:45.711,0.0,29.85,29.85,1.6e-06,1.6e-06,Einfache Sonde
2026-06-30 17:02:45.742,0.0,29.9,29.9,1.4e-06,1.4e-06,Einfache Sonde
2026-06-30 17:02:45.772,0.0,29.950000000000003,29.95,1.7e-06,1.7e-06,Einfache Sonde
2026-06-30 17:02:45.802,0.0,30.0,30.0,1.3e-06,1.3e-06,Einfache Sonde
2026-06-30 17:02:45.841,0.0,30.049999999999997,30.05,1.5e-06,1.5e-06,Einfache Sonde
2026-06-30 17:02:45.871,0.0,30.1,30.1,1.7e-06,1.7e-06,Einfache Sonde
2026-06-30 17:02:45.902,0.0,30.15,30.15,1.3e-06,1.3e-06,Einfache Sonde
2026-06-30 17:02:45.932,0.0,30.200000000000003,30.2,1.8e-06,1.8e-06,Einfache Sonde
2026-06-30 17:02:45.962,0.0,30.25,30.25,1.4e-06,1.4e-06,Einfache Sonde
2026-06-30 17:02:45.993,0.0,30.299999999999997,30.3,1.4e-06,1.4e-06,Einfache Sonde
2026-06-30 17:02:46.023,0.0,30.35,30.35,1.4e-06,1.4e-06,Einfache Sonde
2026-06-30 17:02:46.054,0.0,30.4,30.4,1.1e-06,1.1e-06,Einfache Sonde
2026-06-30 17:02:46.084,0.0,30.450000000000003,30.45,1.7e-06,1.7e-06,Einfache Sonde
2026-06-30 17:02:46.115,0.0,30.5,30.5,1.1e-06,1.1e-06,Einfache Sonde
2026-06-30 17:02:46.145,0.0,30.549999999999997,30.55,1.8e-06,1.8e-06,Einfache Sonde
2026-06-30 17:02:46.175,0.0,30.6,30.6,1.1e-06,1.1e-06,Einfache Sonde
2026-06-30 17:02:46.206,0.0,30.65,30.65,1.7e-06,1.7e-06,Einfache Sonde
2026-06-30 17:02:46.236,0.0,30.700000000000003,30.7,1.2e-06,1.2e-06,Einfache Sonde
2026-06-30 17:02:46.266,0.0,30.75,30.75,1.8e-06,1.8e-06,Einfache Sonde
2026-06-30 17:02:46.297,0.0,30.799999999999997,30.8,1.5e-06,1.5e-06,Einfache Sonde
2026-06-30 17:02:46.327,0.0,30.85,30.85,1.6e-06,1.6e-06,Einfache Sonde
2026-06-30 17:02:46.365,0.0,30.9,30.9,1.3e-06,1.3e-06,Einfache Sonde
2026-06-30 17:02:46.396,0.0,30.950000000000003,30.95,1.2e-06,1.2e-06,Einfache Sonde
2026-06-30 17:02:46.426,0.0,31.0,31.0,1.4e-06,1.4e-06,Einfache Sonde
2026-06-30 17:02:46.457,0.0,31.049999999999997,31.05,1.3e-06,1.3e-06,Einfache Sonde
2026-06-30 17:02:46.487,0.0,31.1,31.1,1.5e-06,1.5e-06,Einfache Sonde
2026-06-30 17:02:46.518,0.0,31.15,31.15,1.1e-06,1.1e-06,Einfache Sonde
2026-06-30 17:02:46.548,0.0,31.200000000000003,31.2,1.5e-06,1.5e-06,Einfache Sonde
2026-06-30 17:02:46.579,0.0,31.25,31.25,1.2e-06,1.2e-06,Einfache Sonde
2026-06-30 17:02:46.609,0.0,31.299999999999997,31.3,1.5e-06,1.5e-06,Einfache Sonde
2026-06-30 17:02:46.639,0.0,31.35,31.35,1.1e-06,1.1e-06,Einfache Sonde
2026-06-30 17:02:46.670,0.0,31.4,31.4,1.5e-06,1.5e-06,Einfache Sonde
2026-06-30 17:02:46.700,0.0,31.450000000000003,31.45,1.1e-06,1.1e-06,Einfache Sonde
2026-06-30 17:02:46.731,0.0,31.5,31.5,1.7e-06,1.7e-06,Einfache Sonde
2026-06-30 17:02:46.761,0.0,31.549999999999997,31.55,1.2e-06,1.2e-06,Einfache Sonde
2026-06-30 17:02:46.791,0.0,31.6,31.6,1.8e-06,1.8e-06,Einfache Sonde
2026-06-30 17:02:46.822,0.0,31.65,31.65,1.1e-06,1.1e-06,Einfache Sonde
2026-06-30 17:02:46.852,0.0,31.700000000000003,31.7,1.5e-06,1.5e-06,Einfache Sonde
2026-06-30 17:02:46.891,0.0,31.75,31.75,1.5e-06,1.5e-06,Einfache Sonde
2026-06-30 17:02:46.921,0.0,31.799999999999997,31.8,1.1e-06,1.1e-06,Einfache Sonde
2026-06-30 17:02:46.951,0.0,31.85,31.85,1.6e-06,1.6e-06,Einfache Sonde
2026-06-30 17:02:46.982,0.0,31.9,31.9,1e-06,1e-06,Einfache Sonde
2026-06-30 17:02:47.012,0.0,31.950000000000003,31.95,1.3e-06,1.3e-06,Einfache Sonde
2026-06-30 17:02:47.043,0.0,32.0,32.0,1e-06,1e-06,Einfache Sonde
2026-06-30 17:02:47.073,0.0,32.05,32.05,1.3e-06,1.3e-06,Einfache Sonde
2026-06-30 17:02:47.104,0.0,32.1,32.1,1.6e-06,1.6e-06,Einfache Sonde
2026-06-30 17:02:47.134,0.0,32.15,32.15,9e-07,9e-07,Einfache Sonde
2026-06-30 17:02:47.164,0.0,32.2,32.2,1.7e-06,1.7e-06,Einfache Sonde
2026-06-30 17:02:47.195,0.0,32.25,32.25,1e-06,1e-06,Einfache Sonde
2026-06-30 17:02:47.225,0.0,32.3,32.3,1.8e-06,1.8e-06,Einfache Sonde
2026-06-30 17:02:47.255,0.0,32.35,32.35,1.1e-06,1.1e-06,Einfache Sonde
2026-06-30 17:02:47.286,0.0,32.4,32.4,1.3e-06,1.3e-06,Einfache Sonde
2026-06-30 17:02:47.316,0.0,32.45,32.45,1.2e-06,1.2e-06,Einfache Sonde
2026-06-30 17:02:47.346,0.0,32.5,32.5,1.5e-06,1.5e-06,Einfache Sonde
2026-06-30 17:02:47.377,0.0,32.55,32.55,1.3e-06,1.3e-06,Einfache Sonde
2026-06-30 17:02:47.415,0.0,32.6,32.6,1.3e-06,1.3e-06,Einfache Sonde
2026-06-30 17:02:47.445,0.0,32.65,32.65,1.6e-06,1.6e-06,Einfache Sonde
2026-06-30 17:02:47.476,0.0,32.7,32.7,1.3e-06,1.3e-06,Einfache Sonde
2026-06-30 17:02:47.506,0.0,32.75,32.75,1.5e-06,1.5e-06,Einfache Sonde
2026-06-30 17:02:47.537,0.0,32.8,32.8,1.4e-06,1.4e-06,Einfache Sonde
2026-06-30 17:02:47.567,0.0,32.85,32.85,1.6e-06,1.6e-06,Einfache Sonde
2026-06-30 17:02:47.598,0.0,32.9,32.9,1.5e-06,1.5e-06,Einfache Sonde
2026-06-30 17:02:47.628,0.0,32.95,32.95,1.2e-06,1.2e-06,Einfache Sonde
2026-06-30 17:02:47.658,0.0,33.0,33.0,1.4e-06,1.4e-06,Einfache Sonde
2026-06-30 17:02:47.689,0.0,33.05,33.05,1.3e-06,1.3e-06,Einfache Sonde
2026-06-30 17:02:47.719,0.0,33.1,33.1,1.1e-06,1.1e-06,Einfache Sonde
2026-06-30 17:02:47.750,0.0,33.15,33.15,1.4e-06,1.4e-06,Einfache Sonde
2026-06-30 17:02:47.780,0.0,33.2,33.2,1.2e-06,1.2e-06,Einfache Sonde
2026-06-30 17:02:47.811,0.0,33.25,33.25,1.6e-06,1.6e-06,Einfache Sonde
2026-06-30 17:02:47.841,0.0,33.3,33.3,1e-06,1e-06,Einfache Sonde
2026-06-30 17:02:47.872,0.0,33.35,33.35,1.7e-06,1.7e-06,Einfache Sonde
2026-06-30 17:02:47.902,0.0,33.4,33.4,1.5e-06,1.5e-06,Einfache Sonde
2026-06-30 17:02:47.940,0.0,33.45,33.45,1.2e-06,1.2e-06,Einfache Sonde
2026-06-30 17:02:47.971,0.0,33.5,33.5,1.5e-06,1.5e-06,Einfache Sonde
2026-06-30 17:02:48.001,0.0,33.55,33.55,1.3e-06,1.3e-06,Einfache Sonde
2026-06-30 17:02:48.032,0.0,33.6,33.6,1.4e-06,1.4e-06,Einfache Sonde
2026-06-30 17:02:48.062,0.0,33.65,33.65,1.2e-06,1.2e-06,Einfache Sonde
2026-06-30 17:02:48.092,0.0,33.7,33.7,1.1e-06,1.1e-06,Einfache Sonde
2026-06-30 17:02:48.123,0.0,33.75,33.75,1.5e-06,1.5e-06,Einfache Sonde
2026-06-30 17:02:48.153,0.0,33.8,33.8,1.2e-06,1.2e-06,Einfache Sonde
2026-06-30 17:02:48.183,0.0,33.85,33.85,2e-06,2e-06,Einfache Sonde
2026-06-30 17:02:48.214,0.0,33.9,33.9,1.1e-06,1.1e-06,Einfache Sonde
2026-06-30 17:02:48.244,0.0,33.95,33.95,1.8e-06,1.8e-06,Einfache Sonde
2026-06-30 17:02:48.275,0.0,34.0,34.0,1.1e-06,1.1e-06,Einfache Sonde
2026-06-30 17:02:48.305,0.0,34.05,34.05,1.7e-06,1.7e-06,Einfache Sonde
2026-06-30 17:02:48.335,0.0,34.1,34.1,1.1e-06,1.1e-06,Einfache Sonde
2026-06-30 17:02:48.366,0.0,34.15,34.15,1.5e-06,1.5e-06,Einfache Sonde
2026-06-30 17:02:48.396,0.0,34.2,34.2,1.1e-06,1.1e-06,Einfache Sonde
2026-06-30 17:02:48.427,0.0,34.25,34.25,1.5e-06,1.5e-06,Einfache Sonde
2026-06-30 17:02:48.465,0.0,34.3,34.3,1.2e-06,1.2e-06,Einfache Sonde
2026-06-30 17:02:48.496,0.0,34.35,34.35,1.1e-06,1.1e-06,Einfache Sonde
2026-06-30 17:02:48.526,0.0,34.4,34.4,1.5e-06,1.5e-06,Einfache Sonde
2026-06-30 17:02:48.556,0.0,34.45,34.45,1.3e-06,1.3e-06,Einfache Sonde
2026-06-30 17:02:48.587,0.0,34.5,34.5,1.5e-06,1.5e-06,Einfache Sonde
2026-06-30 17:02:48.617,0.0,34.55,34.55,1.3e-06,1.3e-06,Einfache Sonde
2026-06-30 17:02:48.647,0.0,34.6,34.6,1.4e-06,1.4e-06,Einfache Sonde
2026-06-30 17:02:48.678,0.0,34.65,34.65,1.2e-06,1.2e-06,Einfache Sonde
2026-06-30 17:02:48.708,0.0,34.7,34.7,1.2e-06,1.2e-06,Einfache Sonde
2026-06-30 17:02:48.739,0.0,34.75,34.75,1.4e-06,1.4e-06,Einfache Sonde
2026-06-30 17:02:48.769,0.0,34.8,34.8,1.4e-06,1.4e-06,Einfache Sonde
2026-06-30 17:02:48.799,0.0,34.85,34.85,9e-07,9e-07,Einfache Sonde
2026-06-30 17:02:48.830,0.0,34.9,34.9,1.5e-06,1.5e-06,Einfache Sonde
2026-06-30 17:02:48.860,0.0,34.95,34.95,1e-06,1e-06,Einfache Sonde
2026-06-30 17:02:48.891,0.0,35.0,35.0,1.7e-06,1.7e-06,Einfache Sonde
2026-06-30 17:02:48.921,0.0,35.05,35.05,1e-06,1e-06,Einfache Sonde
2026-06-30 17:02:48.951,0.0,35.1,35.1,1.2e-06,1.2e-06,Einfache Sonde
2026-06-30 17:02:48.990,0.0,35.15,35.15,1.4e-06,1.4e-06,Einfache Sonde
2026-06-30 17:02:49.020,0.0,35.2,35.2,9e-07,9e-07,Einfache Sonde
2026-06-30 17:02:49.051,0.0,35.25,35.25,1.5e-06,1.5e-06,Einfache Sonde
2026-06-30 17:02:49.081,0.0,35.3,35.3,1.1e-06,1.1e-06,Einfache Sonde
2026-06-30 17:02:49.112,0.0,35.35,35.35,1.3e-06,1.3e-06,Einfache Sonde
2026-06-30 17:02:49.142,0.0,35.4,35.4,1.5e-06,1.5e-06,Einfache Sonde
2026-06-30 17:02:49.172,0.0,35.45,35.45,1.3e-06,1.3e-06,Einfache Sonde
2026-06-30 17:02:49.203,0.0,35.5,35.5,1.6e-06,1.6e-06,Einfache Sonde
2026-06-30 17:02:49.233,0.0,35.55,35.55,1.2e-06,1.2e-06,Einfache Sonde
2026-06-30 17:02:49.263,0.0,35.6,35.6,1.6e-06,1.6e-06,Einfache Sonde
2026-06-30 17:02:49.294,0.0,35.65,35.65,9e-07,9e-07,Einfache Sonde
2026-06-30 17:02:49.324,0.0,35.7,35.7,1.5e-06,1.5e-06,Einfache Sonde
2026-06-30 17:02:49.354,0.0,35.75,35.75,1.2e-06,1.2e-06,Einfache Sonde
2026-06-30 17:02:49.385,0.0,35.8,35.8,1.6e-06,1.6e-06,Einfache Sonde
2026-06-30 17:02:49.415,0.0,35.85,35.85,1.3e-06,1.3e-06,Einfache Sonde
2026-06-30 17:02:49.446,0.0,35.9,35.9,1.6e-06,1.6e-06,Einfache Sonde
2026-06-30 17:02:49.476,0.0,35.95,35.95,1.2e-06,1.2e-06,Einfache Sonde
2026-06-30 17:02:49.515,0.0,36.0,36.0,1.4e-06,1.4e-06,Einfache Sonde
2026-06-30 17:02:49.545,0.0,36.05,36.05,1.4e-06,1.4e-06,Einfache Sonde
2026-06-30 17:02:49.575,0.0,36.1,36.1,1.1e-06,1.1e-06,Einfache Sonde
2026-06-30 17:02:49.606,0.0,36.15,36.15,1.7e-06,1.7e-06,Einfache Sonde
2026-06-30 17:02:49.636,0.0,36.2,36.2,1.2e-06,1.2e-06,Einfache Sonde
2026-06-30 17:02:49.667,0.0,36.25,36.25,1.4e-06,1.4e-06,Einfache Sonde
2026-06-30 17:02:49.697,0.0,36.3,36.3,1.4e-06,1.4e-06,Einfache Sonde
2026-06-30 17:02:49.728,0.0,36.35,36.35,1.3e-06,1.3e-06,Einfache Sonde
2026-06-30 17:02:49.758,0.0,36.4,36.4,1.1e-06,1.1e-06,Einfache Sonde
2026-06-30 17:02:49.788,0.0,36.45,36.45,1.7e-06,1.7e-06,Einfache Sonde
2026-06-30 17:02:49.819,0.0,36.5,36.5,1.1e-06,1.1e-06,Einfache Sonde
2026-06-30 17:02:49.849,0.0,36.55,36.55,1.6e-06,1.6e-06,Einfache Sonde
2026-06-30 17:02:49.880,0.0,36.6,36.6,1e-06,1e-06,Einfache Sonde
2026-06-30 17:02:49.910,0.0,36.65,36.65,1.4e-06,1.4e-06,Einfache Sonde
2026-06-30 17:02:49.941,0.0,36.7,36.7,1.1e-06,1.1e-06,Einfache Sonde
2026-06-30 17:02:49.971,0.0,36.75,36.75,1.6e-06,1.6e-06,Einfache Sonde
2026-06-30 17:02:50.002,0.0,36.8,36.8,1.6e-06,1.6e-06,Einfache Sonde
2026-06-30 17:02:50.040,0.0,36.85,36.85,1.1e-06,1.1e-06,Einfache Sonde
2026-06-30 17:02:50.071,0.0,36.9,36.9,1.7e-06,1.7e-06,Einfache Sonde
2026-06-30 17:02:50.101,0.0,36.95,36.95,1.3e-06,1.3e-06,Einfache Sonde
2026-06-30 17:02:50.132,0.0,37.0,37.0,1.3e-06,1.3e-06,Einfache Sonde
2026-06-30 17:02:50.162,0.0,37.05,37.05,1.6e-06,1.6e-06,Einfache Sonde
2026-06-30 17:02:50.192,0.0,37.1,37.1,9e-07,9e-07,Einfache Sonde
2026-06-30 17:02:50.223,0.0,37.15,37.15,1.7e-06,1.7e-06,Einfache Sonde
2026-06-30 17:02:50.253,0.0,37.2,37.2,1.3e-06,1.3e-06,Einfache Sonde
2026-06-30 17:02:50.283,0.0,37.25,37.25,1.9e-06,1.9e-06,Einfache Sonde
2026-06-30 17:02:50.314,0.0,37.3,37.3,1.1e-06,1.1e-06,Einfache Sonde
2026-06-30 17:02:50.344,0.0,37.35,37.35,1.8e-06,1.8e-06,Einfache Sonde
2026-06-30 17:02:50.375,0.0,37.4,37.4,1.5e-06,1.5e-06,Einfache Sonde
2026-06-30 17:02:50.405,0.0,37.45,37.45,1.4e-06,1.4e-06,Einfache Sonde
2026-06-30 17:02:50.436,0.0,37.5,37.5,1.3e-06,1.3e-06,Einfache Sonde
2026-06-30 17:02:50.466,0.0,37.55,37.55,1.6e-06,1.6e-06,Einfache Sonde
2026-06-30 17:02:50.497,0.0,37.6,37.6,1.7e-06,1.7e-06,Einfache Sonde
2026-06-30 17:02:50.527,0.0,37.65,37.65,1.8e-06,1.8e-06,Einfache Sonde
2026-06-30 17:02:50.565,0.0,37.7,37.7,1.4e-06,1.4e-06,Einfache Sonde
2026-06-30 17:02:50.596,0.0,37.75,37.75,1.5e-06,1.5e-06,Einfache Sonde
2026-06-30 17:02:50.626,0.0,37.8,37.8,1.4e-06,1.4e-06,Einfache Sonde
2026-06-30 17:02:50.657,0.0,37.85,37.85,1.7e-06,1.7e-06,Einfache Sonde
2026-06-30 17:02:50.687,0.0,37.9,37.9,1.3e-06,1.3e-06,Einfache Sonde
2026-06-30 17:02:50.717,0.0,37.95,37.95,1.3e-06,1.3e-06,Einfache Sonde
2026-06-30 17:02:50.748,0.0,38.0,38.0,1.5e-06,1.5e-06,Einfache Sonde
2026-06-30 17:02:50.778,0.0,38.05,38.05,1.2e-06,1.2e-06,Einfache Sonde
2026-06-30 17:02:50.809,0.0,38.1,38.1,1.5e-06,1.5e-06,Einfache Sonde
2026-06-30 17:02:50.839,0.0,38.15,38.15,9e-07,9e-07,Einfache Sonde
2026-06-30 17:02:50.869,0.0,38.2,38.2,1.5e-06,1.5e-06,Einfache Sonde
2026-06-30 17:02:50.900,0.0,38.25,38.25,1e-06,1e-06,Einfache Sonde
2026-06-30 17:02:50.930,0.0,38.3,38.3,1.3e-06,1.3e-06,Einfache Sonde
2026-06-30 17:02:50.961,0.0,38.35,38.35,1.4e-06,1.4e-06,Einfache Sonde
2026-06-30 17:02:50.991,0.0,38.4,38.4,1.3e-06,1.3e-06,Einfache Sonde
2026-06-30 17:02:51.022,0.0,38.45,38.45,1.6e-06,1.6e-06,Einfache Sonde
2026-06-30 17:02:51.052,0.0,38.5,38.5,1.2e-06,1.2e-06,Einfache Sonde
2026-06-30 17:02:51.090,0.0,38.55,38.55,1.8e-06,1.8e-06,Einfache Sonde
2026-06-30 17:02:51.120,0.0,38.6,38.6,1.3e-06,1.3e-06,Einfache Sonde
2026-06-30 17:02:51.151,0.0,38.65,38.65,1.2e-06,1.2e-06,Einfache Sonde
2026-06-30 17:02:51.181,0.0,38.7,38.7,1.6e-06,1.6e-06,Einfache Sonde
2026-06-30 17:02:51.212,0.0,38.75,38.75,1.1e-06,1.1e-06,Einfache Sonde
2026-06-30 17:02:51.242,0.0,38.8,38.8,1.6e-06,1.6e-06,Einfache Sonde
2026-06-30 17:02:51.272,0.0,38.85,38.85,1.1e-06,1.1e-06,Einfache Sonde
2026-06-30 17:02:51.303,0.0,38.9,38.9,1.6e-06,1.6e-06,Einfache Sonde
2026-06-30 17:02:51.333,0.0,38.95,38.95,1e-06,1e-06,Einfache Sonde
2026-06-30 17:02:51.364,0.0,39.0,39.0,1.6e-06,1.6e-06,Einfache Sonde
2026-06-30 17:02:51.394,0.0,39.05,39.05,1e-06,1e-06,Einfache Sonde
2026-06-30 17:02:51.425,0.0,39.1,39.1,1.2e-06,1.2e-06,Einfache Sonde
2026-06-30 17:02:51.455,0.0,39.15,39.15,1e-06,1e-06,Einfache Sonde
2026-06-30 17:02:51.486,0.0,39.2,39.2,1.2e-06,1.2e-06,Einfache Sonde
2026-06-30 17:02:51.516,0.0,39.25,39.25,1.1e-06,1.1e-06,Einfache Sonde
2026-06-30 17:02:51.547,0.0,39.3,39.3,1.4e-06,1.4e-06,Einfache Sonde
2026-06-30 17:02:51.577,0.0,39.35,39.35,1.2e-06,1.2e-06,Einfache Sonde
2026-06-30 17:02:51.615,0.0,39.4,39.4,1.5e-06,1.5e-06,Einfache Sonde
2026-06-30 17:02:51.645,0.0,39.45,39.45,1.6e-06,1.6e-06,Einfache Sonde
2026-06-30 17:02:51.676,0.0,39.5,39.5,1.5e-06,1.5e-06,Einfache Sonde
2026-06-30 17:02:51.706,0.0,39.55,39.55,1.5e-06,1.5e-06,Einfache Sonde
2026-06-30 17:02:51.736,0.0,39.6,39.6,1.6e-06,1.6e-06,Einfache Sonde
2026-06-30 17:02:51.767,0.0,39.65,39.65,1.7e-06,1.7e-06,Einfache Sonde
2026-06-30 17:02:51.797,0.0,39.7,39.7,1.5e-06,1.5e-06,Einfache Sonde
2026-06-30 17:02:51.828,0.0,39.75,39.75,2e-06,2e-06,Einfache Sonde
2026-06-30 17:02:51.858,0.0,39.8,39.8,1.4e-06,1.4e-06,Einfache Sonde
2026-06-30 17:02:51.889,0.0,39.85,39.85,1.9e-06,1.9e-06,Einfache Sonde
2026-06-30 17:02:51.919,0.0,39.9,39.9,1.5e-06,1.5e-06,Einfache Sonde
2026-06-30 17:02:51.950,0.0,39.95,39.95,1.7e-06,1.7e-06,Einfache Sonde
2026-06-30 17:02:51.980,0.0,40.0,40.0,1.3e-06,1.3e-06,Einfache Sonde
2026-06-30 17:02:52.010,0.0,40.05,40.05,1.8e-06,1.8e-06,Einfache Sonde
2026-06-30 17:02:52.041,0.0,40.1,40.1,1.8e-06,1.8e-06,Einfache Sonde
2026-06-30 17:02:52.071,0.0,40.15,40.15,1.5e-06,1.5e-06,Einfache Sonde
2026-06-30 17:02:52.101,0.0,40.2,40.2,1.7e-06,1.7e-06,Einfache Sonde
2026-06-30 17:02:52.139,0.0,40.25,40.25,1.3e-06,1.3e-06,Einfache Sonde
2026-06-30 17:02:52.185,0.0,40.3,40.3,1.6e-06,1.6e-06,Einfache Sonde
2026-06-30 17:02:52.215,0.0,40.35,40.35,1.4e-06,1.4e-06,Einfache Sonde
2026-06-30 17:02:52.246,0.0,40.4,40.4,1.6e-06,1.6e-06,Einfache Sonde
2026-06-30 17:02:52.276,0.0,40.45,40.45,1.4e-06,1.4e-06,Einfache Sonde
2026-06-30 17:02:52.307,0.0,40.5,40.5,1.5e-06,1.5e-06,Einfache Sonde
2026-06-30 17:02:52.337,0.0,40.55,40.55,1.3e-06,1.3e-06,Einfache Sonde
2026-06-30 17:02:52.368,0.0,40.6,40.6,1.7e-06,1.7e-06,Einfache Sonde
2026-06-30 17:02:52.399,0.0,40.65,40.65,1.5e-06,1.5e-06,Einfache Sonde
2026-06-30 17:02:52.430,0.0,40.7,40.7,1.7e-06,1.7e-06,Einfache Sonde
2026-06-30 17:02:52.460,0.0,40.75,40.75,1.7e-06,1.7e-06,Einfache Sonde
2026-06-30 17:02:52.491,0.0,40.8,40.8,1.3e-06,1.3e-06,Einfache Sonde
2026-06-30 17:02:52.521,0.0,40.85,40.85,1.8e-06,1.8e-06,Einfache Sonde
2026-06-30 17:02:52.552,0.0,40.9,40.9,1.2e-06,1.2e-06,Einfache Sonde
2026-06-30 17:02:52.582,0.0,40.95,40.95,1.5e-06,1.5e-06,Einfache Sonde
2026-06-30 17:02:52.612,0.0,41.0,41.0,1.2e-06,1.2e-06,Einfache Sonde
2026-06-30 17:02:52.650,0.0,41.05,41.05,1.9e-06,1.9e-06,Einfache Sonde
2026-06-30 17:02:52.681,0.0,41.1,41.1,1.7e-06,1.7e-06,Einfache Sonde
2026-06-30 17:02:52.711,0.0,41.15,41.15,1.2e-06,1.2e-06,Einfache Sonde
2026-06-30 17:02:52.741,0.0,41.2,41.2,1.8e-06,1.8e-06,Einfache Sonde
2026-06-30 17:02:52.772,0.0,41.25,41.25,1.3e-06,1.3e-06,Einfache Sonde
2026-06-30 17:02:52.802,0.0,41.3,41.3,1.9e-06,1.9e-06,Einfache Sonde
2026-06-30 17:02:52.833,0.0,41.35,41.35,1.3e-06,1.3e-06,Einfache Sonde
2026-06-30 17:02:52.863,0.0,41.4,41.4,1.9e-06,1.9e-06,Einfache Sonde
2026-06-30 17:02:52.893,0.0,41.45,41.45,1.1e-06,1.1e-06,Einfache Sonde
2026-06-30 17:02:52.924,0.0,41.5,41.5,1.5e-06,1.5e-06,Einfache Sonde
2026-06-30 17:02:52.954,0.0,41.55,41.55,1.4e-06,1.4e-06,Einfache Sonde
2026-06-30 17:02:52.984,0.0,41.6,41.6,1.7e-06,1.7e-06,Einfache Sonde
2026-06-30 17:02:53.015,0.0,41.65,41.65,1.6e-06,1.6e-06,Einfache Sonde
2026-06-30 17:02:53.046,0.0,41.7,41.7,1.7e-06,1.7e-06,Einfache Sonde
2026-06-30 17:02:53.076,0.0,41.75,41.75,1.4e-06,1.4e-06,Einfache Sonde
2026-06-30 17:02:53.107,0.0,41.8,41.8,1.5e-06,1.5e-06,Einfache Sonde
2026-06-30 17:02:53.137,0.0,41.85,41.85,1.3e-06,1.3e-06,Einfache Sonde
2026-06-30 17:02:53.175,0.0,41.9,41.9,1.7e-06,1.7e-06,Einfache Sonde
2026-06-30 17:02:53.206,0.0,41.95,41.95,1.6e-06,1.6e-06,Einfache Sonde
2026-06-30 17:02:53.236,0.0,42.0,42.0,1.4e-06,1.4e-06,Einfache Sonde
2026-06-30 17:02:53.271,0.0,42.05,42.05,1.3e-06,1.3e-06,Einfache Sonde
2026-06-30 17:02:53.301,0.0,42.1,42.1,1.9e-06,1.9e-06,Einfache Sonde
2026-06-30 17:02:53.331,0.0,42.15,42.15,1.2e-06,1.2e-06,Einfache Sonde
2026-06-30 17:02:53.362,0.0,42.2,42.2,1.8e-06,1.8e-06,Einfache Sonde
2026-06-30 17:02:53.392,0.0,42.25,42.25,1e-06,1e-06,Einfache Sonde
2026-06-30 17:02:53.423,0.0,42.3,42.3,1.7e-06,1.7e-06,Einfache Sonde
2026-06-30 17:02:53.453,0.0,42.35,42.35,1.1e-06,1.1e-06,Einfache Sonde
2026-06-30 17:02:53.484,0.0,42.4,42.4,1.5e-06,1.5e-06,Einfache Sonde
2026-06-30 17:02:53.514,0.0,42.45,42.45,1.4e-06,1.4e-06,Einfache Sonde
2026-06-30 17:02:53.544,0.0,42.5,42.5,1.6e-06,1.6e-06,Einfache Sonde
2026-06-30 17:02:53.575,0.0,42.55,42.55,1.6e-06,1.6e-06,Einfache Sonde
2026-06-30 17:02:53.606,0.0,42.6,42.6,1.5e-06,1.5e-06,Einfache Sonde
2026-06-30 17:02:53.636,0.0,42.65,42.65,1.3e-06,1.3e-06,Einfache Sonde
2026-06-30 17:02:53.666,0.0,42.7,42.7,1.5e-06,1.5e-06,Einfache Sonde
2026-06-30 17:02:53.705,0.0,42.75,42.75,1.2e-06,1.2e-06,Einfache Sonde
2026-06-30 17:02:53.735,0.0,42.8,42.8,1.1e-06,1.1e-06,Einfache Sonde
2026-06-30 17:02:53.765,0.0,42.85,42.85,1.5e-06,1.5e-06,Einfache Sonde
2026-06-30 17:02:53.796,0.0,42.9,42.9,1.2e-06,1.2e-06,Einfache Sonde
2026-06-30 17:02:53.827,0.0,42.95,42.95,1.5e-06,1.5e-06,Einfache Sonde
2026-06-30 17:02:53.857,0.0,43.0,43.0,1.1e-06,1.1e-06,Einfache Sonde
2026-06-30 17:02:53.887,0.0,43.05,43.05,1.5e-06,1.5e-06,Einfache Sonde
2026-06-30 17:02:53.918,0.0,43.1,43.1,1e-06,1e-06,Einfache Sonde
2026-06-30 17:02:53.948,0.0,43.15,43.15,1.4e-06,1.4e-06,Einfache Sonde
2026-06-30 17:02:53.979,0.0,43.2,43.2,1.2e-06,1.2e-06,Einfache Sonde
2026-06-30 17:02:54.009,0.0,43.25,43.25,1.2e-06,1.2e-06,Einfache Sonde
2026-06-30 17:02:54.039,0.0,43.3,43.3,1.2e-06,1.2e-06,Einfache Sonde
2026-06-30 17:02:54.070,0.0,43.35,43.35,9e-07,9e-07,Einfache Sonde
2026-06-30 17:02:54.100,0.0,43.4,43.4,1.6e-06,1.6e-06,Einfache Sonde
2026-06-30 17:02:54.131,0.0,43.45,43.45,9e-07,9e-07,Einfache Sonde
2026-06-30 17:02:54.161,0.0,43.5,43.5,1.5e-06,1.5e-06,Einfache Sonde
2026-06-30 17:02:54.192,0.0,43.55,43.55,1e-06,1e-06,Einfache Sonde
2026-06-30 17:02:54.230,0.0,43.6,43.6,1.5e-06,1.5e-06,Einfache Sonde
2026-06-30 17:02:54.260,0.0,43.65,43.65,1.4e-06,1.4e-06,Einfache Sonde
2026-06-30 17:02:54.291,0.0,43.7,43.7,1.1e-06,1.1e-06,Einfache Sonde
2026-06-30 17:02:54.321,0.0,43.75,43.75,1.5e-06,1.5e-06,Einfache Sonde
2026-06-30 17:02:54.351,0.0,43.8,43.8,1.2e-06,1.2e-06,Einfache Sonde
2026-06-30 17:02:54.382,0.0,43.85,43.85,1.6e-06,1.6e-06,Einfache Sonde
2026-06-30 17:02:54.412,0.0,43.9,43.9,1.1e-06,1.1e-06,Einfache Sonde
2026-06-30 17:02:54.443,0.0,43.95,43.95,1.4e-06,1.4e-06,Einfache Sonde
2026-06-30 17:02:54.473,0.0,44.0,44.0,1.4e-06,1.4e-06,Einfache Sonde
2026-06-30 17:02:54.504,0.0,44.05,44.05,1.4e-06,1.4e-06,Einfache Sonde
2026-06-30 17:02:54.534,0.0,44.099999999999994,44.1,1.2e-06,1.2e-06,Einfache Sonde
2026-06-30 17:02:54.565,0.0,44.150000000000006,44.15,1.2e-06,1.2e-06,Einfache Sonde
2026-06-30 17:02:54.596,0.0,44.2,44.2,1e-06,1e-06,Einfache Sonde
2026-06-30 17:02:54.626,0.0,44.25,44.25,1.3e-06,1.3e-06,Einfache Sonde
2026-06-30 17:02:54.656,0.0,44.3,44.3,7e-07,7e-07,Einfache Sonde
2026-06-30 17:02:54.687,0.0,44.349999999999994,44.35,1.5e-06,1.5e-06,Einfache Sonde
2026-06-30 17:02:54.718,0.0,44.400000000000006,44.4,1.2e-06,1.2e-06,Einfache Sonde
2026-06-30 17:02:54.756,0.0,44.45,44.45,1.4e-06,1.4e-06,Einfache Sonde
2026-06-30 17:02:54.786,0.0,44.5,44.5,1.7e-06,1.7e-06,Einfache Sonde
2026-06-30 17:02:54.817,0.0,44.55,44.55,1.2e-06,1.2e-06,Einfache Sonde
2026-06-30 17:02:54.847,0.0,44.599999999999994,44.6,1.9e-06,1.9e-06,Einfache Sonde
2026-06-30 17:02:54.877,0.0,44.650000000000006,44.65,1.1e-06,1.1e-06,Einfache Sonde
2026-06-30 17:02:54.908,0.0,44.7,44.7,1.5e-06,1.5e-06,Einfache Sonde
2026-06-30 17:02:54.939,0.0,44.75,44.75,1.6e-06,1.6e-06,Einfache Sonde
2026-06-30 17:02:54.969,0.0,44.8,44.8,1.4e-06,1.4e-06,Einfache Sonde
2026-06-30 17:02:54.999,0.0,44.849999999999994,44.85,1.5e-06,1.5e-06,Einfache Sonde
2026-06-30 17:02:55.030,0.0,44.900000000000006,44.9,1e-06,1e-06,Einfache Sonde
2026-06-30 17:02:55.060,0.0,44.95,44.95,1.8e-06,1.8e-06,Einfache Sonde
2026-06-30 17:02:55.090,0.0,45.0,45.0,1.1e-06,1.1e-06,Einfache Sonde
2026-06-30 17:02:55.121,0.0,45.05,45.05,1.8e-06,1.8e-06,Einfache Sonde
2026-06-30 17:02:55.151,0.0,45.099999999999994,45.1,1.1e-06,1.1e-06,Einfache Sonde
2026-06-30 17:02:55.181,0.0,45.150000000000006,45.15,1.4e-06,1.4e-06,Einfache Sonde
2026-06-30 17:02:55.212,0.0,45.2,45.2,1.2e-06,1.2e-06,Einfache Sonde
2026-06-30 17:02:55.242,0.0,45.25,45.25,1.4e-06,1.4e-06,Einfache Sonde
2026-06-30 17:02:55.281,0.0,45.3,45.3,1e-06,1e-06,Einfache Sonde
2026-06-30 17:02:55.311,0.0,45.349999999999994,45.35,1e-06,1e-06,Einfache Sonde
2026-06-30 17:02:55.342,0.0,45.400000000000006,45.4,1.3e-06,1.3e-06,Einfache Sonde
2026-06-30 17:02:55.372,0.0,45.45,45.45,1.3e-06,1.3e-06,Einfache Sonde
2026-06-30 17:02:55.403,0.0,45.5,45.5,1.6e-06,1.6e-06,Einfache Sonde
2026-06-30 17:02:55.433,0.0,45.55,45.55,1.4e-06,1.4e-06,Einfache Sonde
2026-06-30 17:02:55.464,0.0,45.599999999999994,45.6,1.5e-06,1.5e-06,Einfache Sonde
2026-06-30 17:02:55.494,0.0,45.650000000000006,45.65,1.3e-06,1.3e-06,Einfache Sonde
2026-06-30 17:02:55.525,0.0,45.7,45.7,1.4e-06,1.4e-06,Einfache Sonde
2026-06-30 17:02:55.555,0.0,45.75,45.75,1.3e-06,1.3e-06,Einfache Sonde
2026-06-30 17:02:55.585,0.0,45.8,45.8,1.4e-06,1.4e-06,Einfache Sonde
2026-06-30 17:02:55.616,0.0,45.849999999999994,45.85,8e-07,8e-07,Einfache Sonde
2026-06-30 17:02:55.647,0.0,45.900000000000006,45.9,1.5e-06,1.5e-06,Einfache Sonde
2026-06-30 17:02:55.677,0.0,45.95,45.95,9e-07,9e-07,Einfache Sonde
2026-06-30 17:02:55.707,0.0,46.0,46.0,1.5e-06,1.5e-06,Einfache Sonde
2026-06-30 17:02:55.738,0.0,46.05,46.05,1.3e-06,1.3e-06,Einfache Sonde
2026-06-30 17:02:55.768,0.0,46.099999999999994,46.1,1.2e-06,1.2e-06,Einfache Sonde
2026-06-30 17:02:55.806,0.0,46.150000000000006,46.15,1.5e-06,1.5e-06,Einfache Sonde
2026-06-30 17:02:55.837,0.0,46.2,46.2,1.2e-06,1.2e-06,Einfache Sonde
2026-06-30 17:02:55.867,0.0,46.25,46.25,1.5e-06,1.5e-06,Einfache Sonde
2026-06-30 17:02:55.898,0.0,46.3,46.3,1.2e-06,1.2e-06,Einfache Sonde
2026-06-30 17:02:55.928,0.0,46.349999999999994,46.35,1.2e-06,1.2e-06,Einfache Sonde
2026-06-30 17:02:55.959,0.0,46.400000000000006,46.4,1.3e-06,1.3e-06,Einfache Sonde
2026-06-30 17:02:55.989,0.0,46.45,46.45,9e-07,9e-07,Einfache Sonde
2026-06-30 17:02:56.020,0.0,46.5,46.5,1.6e-06,1.6e-06,Einfache Sonde
2026-06-30 17:02:56.050,0.0,46.55,46.55,7e-07,7e-07,Einfache Sonde
2026-06-30 17:02:56.080,0.0,46.599999999999994,46.6,1.5e-06,1.5e-06,Einfache Sonde
2026-06-30 17:02:56.111,0.0,46.650000000000006,46.65,9e-07,9e-07,Einfache Sonde
2026-06-30 17:02:56.141,0.0,46.7,46.7,1.6e-06,1.6e-06,Einfache Sonde
2026-06-30 17:02:56.172,0.0,46.75,46.75,1.1e-06,1.1e-06,Einfache Sonde
2026-06-30 17:02:56.202,0.0,46.8,46.8,1.7e-06,1.7e-06,Einfache Sonde
2026-06-30 17:02:56.233,0.0,46.849999999999994,46.85,1.4e-06,1.4e-06,Einfache Sonde
2026-06-30 17:02:56.263,0.0,46.900000000000006,46.9,1.7e-06,1.7e-06,Einfache Sonde
2026-06-30 17:02:56.293,0.0,46.95,46.95,1.4e-06,1.4e-06,Einfache Sonde
2026-06-30 17:02:56.332,0.0,47.0,47.0,1.5e-06,1.5e-06,Einfache Sonde
2026-06-30 17:02:56.362,0.0,47.05,47.05,1.4e-06,1.4e-06,Einfache Sonde
2026-06-30 17:02:56.392,0.0,47.099999999999994,47.1,1.1e-06,1.1e-06,Einfache Sonde
2026-06-30 17:02:56.423,0.0,47.150000000000006,47.15,1.4e-06,1.4e-06,Einfache Sonde
2026-06-30 17:02:56.454,0.0,47.2,47.2,1.3e-06,1.3e-06,Einfache Sonde
2026-06-30 17:02:56.484,0.0,47.25,47.25,1.4e-06,1.4e-06,Einfache Sonde
2026-06-30 17:02:56.515,0.0,47.3,47.3,1.2e-06,1.2e-06,Einfache Sonde
2026-06-30 17:02:56.545,0.0,47.349999999999994,47.35,1.7e-06,1.7e-06,Einfache Sonde
2026-06-30 17:02:56.575,0.0,47.400000000000006,47.4,1.3e-06,1.3e-06,Einfache Sonde
2026-06-30 17:02:56.606,0.0,47.45,47.45,1.7e-06,1.7e-06,Einfache Sonde
2026-06-30 17:02:56.636,0.0,47.5,47.5,1e-06,1e-06,Einfache Sonde
2026-06-30 17:02:56.667,0.0,47.55,47.55,1.5e-06,1.5e-06,Einfache Sonde
2026-06-30 17:02:56.697,0.0,47.599999999999994,47.6,1.2e-06,1.2e-06,Einfache Sonde
2026-06-30 17:02:56.727,0.0,47.650000000000006,47.65,1.1e-06,1.1e-06,Einfache Sonde
2026-06-30 17:02:56.758,0.0,47.7,47.7,1.2e-06,1.2e-06,Einfache Sonde
2026-06-30 17:02:56.788,0.0,47.75,47.75,1.1e-06,1.1e-06,Einfache Sonde
2026-06-30 17:02:56.819,0.0,47.8,47.8,1.7e-06,1.7e-06,Einfache Sonde
2026-06-30 17:02:56.857,0.0,47.849999999999994,47.85,1.1e-06,1.1e-06,Einfache Sonde
2026-06-30 17:02:56.887,0.0,47.900000000000006,47.9,1.5e-06,1.5e-06,Einfache Sonde
2026-06-30 17:02:56.918,0.0,47.95,47.95,1.5e-06,1.5e-06,Einfache Sonde
2026-06-30 17:02:56.949,0.0,48.0,48.0,1.1e-06,1.1e-06,Einfache Sonde
2026-06-30 17:02:56.979,0.0,48.05,48.05,1.6e-06,1.6e-06,Einfache Sonde
2026-06-30 17:02:57.009,0.0,48.099999999999994,48.1,1.1e-06,1.1e-06,Einfache Sonde
2026-06-30 17:02:57.040,0.0,48.150000000000006,48.15,1.5e-06,1.5e-06,Einfache Sonde
2026-06-30 17:02:57.070,0.0,48.2,48.2,1.1e-06,1.1e-06,Einfache Sonde
2026-06-30 17:02:57.101,0.0,48.25,48.25,1.6e-06,1.6e-06,Einfache Sonde
2026-06-30 17:02:57.131,0.0,48.3,48.3,1.5e-06,1.5e-06,Einfache Sonde
2026-06-30 17:02:57.161,0.0,48.349999999999994,48.35,1.6e-06,1.6e-06,Einfache Sonde
2026-06-30 17:02:57.192,0.0,48.400000000000006,48.4,1.1e-06,1.1e-06,Einfache Sonde
2026-06-30 17:02:57.222,0.0,48.45,48.45,1.2e-06,1.2e-06,Einfache Sonde
2026-06-30 17:02:57.253,0.0,48.5,48.5,1.3e-06,1.3e-06,Einfache Sonde
2026-06-30 17:02:57.283,0.0,48.55,48.55,1.4e-06,1.4e-06,Einfache Sonde
2026-06-30 17:02:57.314,0.0,48.599999999999994,48.6,1.1e-06,1.1e-06,Einfache Sonde
2026-06-30 17:02:57.344,0.0,48.650000000000006,48.65,1.4e-06,1.4e-06,Einfache Sonde
2026-06-30 17:02:57.382,0.0,48.7,48.7,1.2e-06,1.2e-06,Einfache Sonde
2026-06-30 17:02:57.412,0.0,48.75,48.75,1.2e-06,1.2e-06,Einfache Sonde
2026-06-30 17:02:57.443,0.0,48.8,48.8,1.5e-06,1.5e-06,Einfache Sonde
2026-06-30 17:02:57.473,0.0,48.849999999999994,48.85,1.2e-06,1.2e-06,Einfache Sonde
2026-06-30 17:02:57.504,0.0,48.900000000000006,48.9,1.4e-06,1.4e-06,Einfache Sonde
2026-06-30 17:02:57.535,0.0,48.95,48.95,1e-06,1e-06,Einfache Sonde
2026-06-30 17:02:57.565,0.0,49.0,49.0,1.3e-06,1.3e-06,Einfache Sonde
2026-06-30 17:02:57.595,0.0,49.05,49.05,1.1e-06,1.1e-06,Einfache Sonde
2026-06-30 17:02:57.626,0.0,49.099999999999994,49.1,1.6e-06,1.6e-06,Einfache Sonde
2026-06-30 17:02:57.657,0.0,49.150000000000006,49.15,1.3e-06,1.3e-06,Einfache Sonde
2026-06-30 17:02:57.687,0.0,49.2,49.2,9e-07,9e-07,Einfache Sonde
2026-06-30 17:02:57.717,0.0,49.25,49.25,1.7e-06,1.7e-06,Einfache Sonde
2026-06-30 17:02:57.747,0.0,49.3,49.3,1.2e-06,1.2e-06,Einfache Sonde
2026-06-30 17:02:57.778,0.0,49.349999999999994,49.35,1.6e-06,1.6e-06,Einfache Sonde
2026-06-30 17:02:57.808,0.0,49.400000000000006,49.4,1.1e-06,1.1e-06,Einfache Sonde
2026-06-30 17:02:57.839,0.0,49.45,49.45,1.5e-06,1.5e-06,Einfache Sonde
2026-06-30 17:02:57.869,0.0,49.5,49.5,1.2e-06,1.2e-06,Einfache Sonde
2026-06-30 17:02:57.907,0.0,49.55,49.55,1.7e-06,1.7e-06,Einfache Sonde
2026-06-30 17:02:57.938,0.0,49.599999999999994,49.6,1.6e-06,1.6e-06,Einfache Sonde
2026-06-30 17:02:57.968,0.0,49.650000000000006,49.65,1e-06,1e-06,Einfache Sonde
2026-06-30 17:02:57.999,0.0,49.7,49.7,1.5e-06,1.5e-06,Einfache Sonde
2026-06-30 17:02:58.029,0.0,49.75,49.75,1.1e-06,1.1e-06,Einfache Sonde
2026-06-30 17:02:58.059,0.0,49.8,49.8,1.8e-06,1.8e-06,Einfache Sonde
2026-06-30 17:02:58.090,0.0,49.849999999999994,49.85,1.3e-06,1.3e-06,Einfache Sonde
2026-06-30 17:02:58.120,0.0,49.900000000000006,49.9,1.7e-06,1.7e-06,Einfache Sonde
2026-06-30 17:02:58.151,0.0,49.95,49.95,1.3e-06,1.3e-06,Einfache Sonde
2026-06-30 17:02:58.181,0.0,50.0,50.0,1.5e-06,1.5e-06,Einfache Sonde
2026-06-30 17:02:58.211,0.0,50.05,50.05,1.2e-06,1.2e-06,Einfache Sonde
2026-06-30 17:02:58.242,0.0,50.099999999999994,50.1,1.5e-06,1.5e-06,Einfache Sonde
2026-06-30 17:02:58.272,0.0,50.150000000000006,50.15,1.3e-06,1.3e-06,Einfache Sonde
2026-06-30 17:02:58.303,0.0,50.2,50.2,1.5e-06,1.5e-06,Einfache Sonde
2026-06-30 17:02:58.333,0.0,50.25,50.25,1.4e-06,1.4e-06,Einfache Sonde
2026-06-30 17:02:58.363,0.0,50.3,50.3,1.8e-06,1.8e-06,Einfache Sonde
2026-06-30 17:02:58.394,0.0,50.349999999999994,50.35,1.1e-06,1.1e-06,Einfache Sonde
2026-06-30 17:02:58.432,0.0,50.400000000000006,50.4,1.6e-06,1.6e-06,Einfache Sonde
2026-06-30 17:02:58.463,0.0,50.45,50.45,1.5e-06,1.5e-06,Einfache Sonde
2026-06-30 17:02:58.493,0.0,50.5,50.5,1.3e-06,1.3e-06,Einfache Sonde
2026-06-30 17:02:58.523,0.0,50.55,50.55,1.6e-06,1.6e-06,Einfache Sonde
2026-06-30 17:02:58.554,0.0,50.599999999999994,50.6,9e-07,9e-07,Einfache Sonde
2026-06-30 17:02:58.584,0.0,50.650000000000006,50.65,1.5e-06,1.5e-06,Einfache Sonde
2026-06-30 17:02:58.615,0.0,50.7,50.7,1.1e-06,1.1e-06,Einfache Sonde
2026-06-30 17:02:58.645,0.0,50.75,50.75,1.5e-06,1.5e-06,Einfache Sonde
2026-06-30 17:02:58.676,0.0,50.8,50.8,1.4e-06,1.4e-06,Einfache Sonde
2026-06-30 17:02:58.706,0.0,50.849999999999994,50.85,1.3e-06,1.3e-06,Einfache Sonde
2026-06-30 17:02:58.737,0.0,50.900000000000006,50.9,1.6e-06,1.6e-06,Einfache Sonde
2026-06-30 17:02:58.767,0.0,50.95,50.95,1.1e-06,1.1e-06,Einfache Sonde
2026-06-30 17:02:58.798,0.0,51.0,51.0,1.8e-06,1.8e-06,Einfache Sonde
2026-06-30 17:02:58.828,0.0,51.05,51.05,1.2e-06,1.2e-06,Einfache Sonde
2026-06-30 17:02:58.858,0.0,51.099999999999994,51.1,1.9e-06,1.9e-06,Einfache Sonde
2026-06-30 17:02:58.889,0.0,51.150000000000006,51.15,9e-07,9e-07,Einfache Sonde
2026-06-30 17:02:58.919,0.0,51.2,51.2,1.6e-06,1.6e-06,Einfache Sonde
2026-06-30 17:02:58.957,0.0,51.25,51.25,1.3e-06,1.3e-06,Einfache Sonde
2026-06-30 17:02:58.988,0.0,51.3,51.3,1.2e-06,1.2e-06,Einfache Sonde
2026-06-30 17:02:59.018,0.0,51.349999999999994,51.35,1.6e-06,1.6e-06,Einfache Sonde
2026-06-30 17:02:59.049,0.0,51.400000000000006,51.4,1e-06,1e-06,Einfache Sonde
2026-06-30 17:02:59.079,0.0,51.45,51.45,1.5e-06,1.5e-06,Einfache Sonde
2026-06-30 17:02:59.109,0.0,51.5,51.5,1.2e-06,1.2e-06,Einfache Sonde
2026-06-30 17:02:59.140,0.0,51.55,51.55,1.5e-06,1.5e-06,Einfache Sonde
2026-06-30 17:02:59.170,0.0,51.599999999999994,51.6,1.3e-06,1.3e-06,Einfache Sonde
2026-06-30 17:02:59.201,0.0,51.650000000000006,51.65,1.6e-06,1.6e-06,Einfache Sonde
2026-06-30 17:02:59.231,0.0,51.7,51.7,1.5e-06,1.5e-06,Einfache Sonde
2026-06-30 17:02:59.262,0.0,51.75,51.75,1.5e-06,1.5e-06,Einfache Sonde
2026-06-30 17:02:59.292,0.0,51.8,51.8,1.3e-06,1.3e-06,Einfache Sonde
2026-06-30 17:02:59.323,0.0,51.849999999999994,51.85,1.5e-06,1.5e-06,Einfache Sonde
2026-06-30 17:02:59.353,0.0,51.900000000000006,51.9,1.2e-06,1.2e-06,Einfache Sonde
2026-06-30 17:02:59.384,0.0,51.95,51.95,1.7e-06,1.7e-06,Einfache Sonde
2026-06-30 17:02:59.414,0.0,52.0,52.0,1.3e-06,1.3e-06,Einfache Sonde
2026-06-30 17:02:59.444,0.0,52.05,52.05,1.6e-06,1.6e-06,Einfache Sonde
2026-06-30 17:02:59.483,0.0,52.099999999999994,52.1,1.3e-06,1.3e-06,Einfache Sonde
2026-06-30 17:02:59.513,0.0,52.150000000000006,52.15,1.2e-06,1.2e-06,Einfache Sonde
2026-06-30 17:02:59.543,0.0,52.2,52.2,1.7e-06,1.7e-06,Einfache Sonde
2026-06-30 17:02:59.574,0.0,52.25,52.25,1.2e-06,1.2e-06,Einfache Sonde
2026-06-30 17:02:59.604,0.0,52.3,52.3,1.7e-06,1.7e-06,Einfache Sonde
2026-06-30 17:02:59.635,0.0,52.349999999999994,52.35,1.2e-06,1.2e-06,Einfache Sonde
2026-06-30 17:02:59.666,0.0,52.400000000000006,52.4,1.4e-06,1.4e-06,Einfache Sonde
2026-06-30 17:02:59.696,0.0,52.45,52.45,1.7e-06,1.7e-06,Einfache Sonde
2026-06-30 17:02:59.726,0.0,52.5,52.5,1e-06,1e-06,Einfache Sonde
2026-06-30 17:02:59.757,0.0,52.55,52.55,1.7e-06,1.7e-06,Einfache Sonde
2026-06-30 17:02:59.787,0.0,52.599999999999994,52.6,1.1e-06,1.1e-06,Einfache Sonde
2026-06-30 17:02:59.818,0.0,52.650000000000006,52.65,1.6e-06,1.6e-06,Einfache Sonde
2026-06-30 17:02:59.848,0.0,52.7,52.7,1.2e-06,1.2e-06,Einfache Sonde
2026-06-30 17:02:59.878,0.0,52.75,52.75,1.4e-06,1.4e-06,Einfache Sonde
2026-06-30 17:02:59.909,0.0,52.8,52.8,1.1e-06,1.1e-06,Einfache Sonde
2026-06-30 17:02:59.939,0.0,52.849999999999994,52.85,1.6e-06,1.6e-06,Einfache Sonde
2026-06-30 17:02:59.970,0.0,52.900000000000006,52.9,1.1e-06,1.1e-06,Einfache Sonde
2026-06-30 17:03:00.008,0.0,52.95,52.95,1.3e-06,1.3e-06,Einfache Sonde
2026-06-30 17:03:00.038,0.0,53.0,53.0,1.5e-06,1.5e-06,Einfache Sonde
2026-06-30 17:03:00.069,0.0,53.05,53.05,1.3e-06,1.3e-06,Einfache Sonde
2026-06-30 17:03:00.099,0.0,53.099999999999994,53.1,1.6e-06,1.6e-06,Einfache Sonde
2026-06-30 17:03:00.130,0.0,53.150000000000006,53.15,1.5e-06,1.5e-06,Einfache Sonde
2026-06-30 17:03:00.160,0.0,53.2,53.2,1.5e-06,1.5e-06,Einfache Sonde
2026-06-30 17:03:00.191,0.0,53.25,53.25,1.5e-06,1.5e-06,Einfache Sonde
2026-06-30 17:03:00.221,0.0,53.3,53.3,1.6e-06,1.6e-06,Einfache Sonde
2026-06-30 17:03:00.252,0.0,53.349999999999994,53.35,1.5e-06,1.5e-06,Einfache Sonde
2026-06-30 17:03:00.282,0.0,53.400000000000006,53.4,1.6e-06,1.6e-06,Einfache Sonde
2026-06-30 17:03:00.313,0.0,53.45,53.45,1.3e-06,1.3e-06,Einfache Sonde
2026-06-30 17:03:00.343,0.0,53.5,53.5,1.9e-06,1.9e-06,Einfache Sonde
2026-06-30 17:03:00.374,0.0,53.55,53.55,1.3e-06,1.3e-06,Einfache Sonde
2026-06-30 17:03:00.404,0.0,53.599999999999994,53.6,1.9e-06,1.9e-06,Einfache Sonde
2026-06-30 17:03:00.435,0.0,53.650000000000006,53.65,1.5e-06,1.5e-06,Einfache Sonde
2026-06-30 17:03:00.465,0.0,53.7,53.7,1.1e-06,1.1e-06,Einfache Sonde
2026-06-30 17:03:00.496,0.0,53.75,53.75,1.7e-06,1.7e-06,Einfache Sonde
2026-06-30 17:03:00.534,0.0,53.8,53.8,1.1e-06,1.1e-06,Einfache Sonde
2026-06-30 17:03:00.564,0.0,53.849999999999994,53.85,1.6e-06,1.6e-06,Einfache Sonde
2026-06-30 17:03:00.595,0.0,53.900000000000006,53.9,1.8e-06,1.8e-06,Einfache Sonde
2026-06-30 17:03:00.626,0.0,53.95,53.95,1.3e-06,1.3e-06,Einfache Sonde
2026-06-30 17:03:00.656,0.0,54.0,54.0,1.8e-06,1.8e-06,Einfache Sonde
2026-06-30 17:03:00.686,0.0,54.05,54.05,1.2e-06,1.2e-06,Einfache Sonde
2026-06-30 17:03:00.717,0.0,54.099999999999994,54.1,1.9e-06,1.9e-06,Einfache Sonde
2026-06-30 17:03:00.747,0.0,54.150000000000006,54.15,1.5e-06,1.5e-06,Einfache Sonde
2026-06-30 17:03:00.778,0.0,54.2,54.2,1.8e-06,1.8e-06,Einfache Sonde
2026-06-30 17:03:00.808,0.0,54.25,54.25,1.3e-06,1.3e-06,Einfache Sonde
2026-06-30 17:03:00.839,0.0,54.3,54.3,1.7e-06,1.7e-06,Einfache Sonde
2026-06-30 17:03:00.870,0.0,54.349999999999994,54.35,1.6e-06,1.6e-06,Einfache Sonde
2026-06-30 17:03:00.900,0.0,54.400000000000006,54.4,1.6e-06,1.6e-06,Einfache Sonde
2026-06-30 17:03:00.930,0.0,54.45,54.45,1.5e-06,1.5e-06,Einfache Sonde
2026-06-30 17:03:00.961,0.0,54.5,54.5,1.6e-06,1.6e-06,Einfache Sonde
2026-06-30 17:03:00.991,0.0,54.55,54.55,1.3e-06,1.3e-06,Einfache Sonde
2026-06-30 17:03:01.022,0.0,54.599999999999994,54.6,1.7e-06,1.7e-06,Einfache Sonde
2026-06-30 17:03:01.060,0.0,54.650000000000006,54.65,1.3e-06,1.3e-06,Einfache Sonde
2026-06-30 17:03:01.090,0.0,54.7,54.7,1.6e-06,1.6e-06,Einfache Sonde
2026-06-30 17:03:01.121,0.0,54.75,54.75,1.7e-06,1.7e-06,Einfache Sonde
2026-06-30 17:03:01.151,0.0,54.8,54.8,1.4e-06,1.4e-06,Einfache Sonde
2026-06-30 17:03:01.181,0.0,54.849999999999994,54.85,1.6e-06,1.6e-06,Einfache Sonde
2026-06-30 17:03:01.212,0.0,54.900000000000006,54.9,1.3e-06,1.3e-06,Einfache Sonde
2026-06-30 17:03:01.242,0.0,54.95,54.95,1.7e-06,1.7e-06,Einfache Sonde
2026-06-30 17:03:01.273,0.0,55.0,55.0,1.3e-06,1.3e-06,Einfache Sonde
2026-06-30 17:03:01.303,0.0,55.05,55.05,1.8e-06,1.8e-06,Einfache Sonde
2026-06-30 17:03:01.333,0.0,55.099999999999994,55.1,1.3e-06,1.3e-06,Einfache Sonde
2026-06-30 17:03:01.364,0.0,55.150000000000006,55.15,1.5e-06,1.5e-06,Einfache Sonde
2026-06-30 17:03:01.394,0.0,55.2,55.2,1.7e-06,1.7e-06,Einfache Sonde
2026-06-30 17:03:01.425,0.0,55.25,55.25,1.2e-06,1.2e-06,Einfache Sonde
2026-06-30 17:03:01.455,0.0,55.3,55.3,1.8e-06,1.8e-06,Einfache Sonde
2026-06-30 17:03:01.486,0.0,55.349999999999994,55.35,1.1e-06,1.1e-06,Einfache Sonde
2026-06-30 17:03:01.516,0.0,55.400000000000006,55.4,1.9e-06,1.9e-06,Einfache Sonde
2026-06-30 17:03:01.546,0.0,55.45,55.45,1.2e-06,1.2e-06,Einfache Sonde
2026-06-30 17:03:01.585,0.0,55.5,55.5,1.5e-06,1.5e-06,Einfache Sonde
2026-06-30 17:03:01.615,0.0,55.55,55.55,1.7e-06,1.7e-06,Einfache Sonde
2026-06-30 17:03:01.646,0.0,55.599999999999994,55.6,1.1e-06,1.1e-06,Einfache Sonde
2026-06-30 17:03:01.676,0.0,55.650000000000006,55.65,1.7e-06,1.7e-06,Einfache Sonde
2026-06-30 17:03:01.707,0.0,55.7,55.7,1e-06,1e-06,Einfache Sonde
2026-06-30 17:03:01.737,0.0,55.75,55.75,1.8e-06,1.8e-06,Einfache Sonde
2026-06-30 17:03:01.768,0.0,55.8,55.8,1.1e-06,1.1e-06,Einfache Sonde
2026-06-30 17:03:01.798,0.0,55.849999999999994,55.85,1.5e-06,1.5e-06,Einfache Sonde
2026-06-30 17:03:01.829,0.0,55.900000000000006,55.9,1.2e-06,1.2e-06,Einfache Sonde
2026-06-30 17:03:01.859,0.0,55.95,55.95,1.3e-06,1.3e-06,Einfache Sonde
2026-06-30 17:03:01.890,0.0,56.0,56.0,1.5e-06,1.5e-06,Einfache Sonde
2026-06-30 17:03:01.920,0.0,56.05,56.05,1.4e-06,1.4e-06,Einfache Sonde
2026-06-30 17:03:01.950,0.0,56.099999999999994,56.1,1.4e-06,1.4e-06,Einfache Sonde
2026-06-30 17:03:01.981,0.0,56.150000000000006,56.15,1.5e-06,1.5e-06,Einfache Sonde
2026-06-30 17:03:02.011,0.0,56.2,56.2,1.3e-06,1.3e-06,Einfache Sonde
2026-06-30 17:03:02.041,0.0,56.25,56.25,1.4e-06,1.4e-06,Einfache Sonde
2026-06-30 17:03:02.072,0.0,56.3,56.3,1e-06,1e-06,Einfache Sonde
2026-06-30 17:03:02.110,0.0,56.349999999999994,56.35,1.7e-06,1.7e-06,Einfache Sonde
2026-06-30 17:03:02.141,0.0,56.400000000000006,56.4,1.5e-06,1.5e-06,Einfache Sonde
2026-06-30 17:03:02.171,0.0,56.45,56.45,1.3e-06,1.3e-06,Einfache Sonde
2026-06-30 17:03:02.201,0.0,56.5,56.5,1.6e-06,1.6e-06,Einfache Sonde
2026-06-30 17:03:02.232,0.0,56.55,56.55,1.1e-06,1.1e-06,Einfache Sonde
2026-06-30 17:03:02.262,0.0,56.599999999999994,56.6,1.4e-06,1.4e-06,Einfache Sonde
2026-06-30 17:03:02.293,0.0,56.650000000000006,56.65,1.3e-06,1.3e-06,Einfache Sonde
2026-06-30 17:03:02.323,0.0,56.7,56.7,1.6e-06,1.6e-06,Einfache Sonde
2026-06-30 17:03:02.354,0.0,56.75,56.75,1.6e-06,1.6e-06,Einfache Sonde
2026-06-30 17:03:02.384,0.0,56.8,56.8,1.4e-06,1.4e-06,Einfache Sonde
2026-06-30 17:03:02.415,0.0,56.849999999999994,56.85,1.6e-06,1.6e-06,Einfache Sonde
2026-06-30 17:03:02.445,0.0,56.900000000000006,56.9,1e-06,1e-06,Einfache Sonde
2026-06-30 17:03:02.475,0.0,56.95,56.95,1.6e-06,1.6e-06,Einfache Sonde
2026-06-30 17:03:02.506,0.0,57.0,57.0,1e-06,1e-06,Einfache Sonde
2026-06-30 17:03:02.537,0.0,57.05,57.05,1.6e-06,1.6e-06,Einfache Sonde
2026-06-30 17:03:02.567,0.0,57.099999999999994,57.1,1.3e-06,1.3e-06,Einfache Sonde
2026-06-30 17:03:02.597,0.0,57.150000000000006,57.15,1.7e-06,1.7e-06,Einfache Sonde
2026-06-30 17:03:02.636,0.0,57.2,57.2,1.3e-06,1.3e-06,Einfache Sonde
2026-06-30 17:03:02.666,0.0,57.25,57.25,1e-06,1e-06,Einfache Sonde
2026-06-30 17:03:02.696,0.0,57.3,57.3,1.6e-06,1.6e-06,Einfache Sonde
2026-06-30 17:03:02.727,0.0,57.349999999999994,57.35,1.3e-06,1.3e-06,Einfache Sonde
2026-06-30 17:03:02.757,0.0,57.400000000000006,57.4,1.4e-06,1.4e-06,Einfache Sonde
2026-06-30 17:03:02.788,0.0,57.45,57.45,1.3e-06,1.3e-06,Einfache Sonde
2026-06-30 17:03:02.818,0.0,57.5,57.5,1.5e-06,1.5e-06,Einfache Sonde
2026-06-30 17:03:02.849,0.0,57.55,57.55,1.3e-06,1.3e-06,Einfache Sonde
2026-06-30 17:03:02.879,0.0,57.599999999999994,57.6,1.4e-06,1.4e-06,Einfache Sonde
2026-06-30 17:03:02.910,0.0,57.650000000000006,57.65,1.1e-06,1.1e-06,Einfache Sonde
2026-06-30 17:03:02.940,0.0,57.7,57.7,1.6e-06,1.6e-06,Einfache Sonde
2026-06-30 17:03:02.970,0.0,57.75,57.75,1.3e-06,1.3e-06,Einfache Sonde
2026-06-30 17:03:03.001,0.0,57.8,57.8,1.3e-06,1.3e-06,Einfache Sonde
2026-06-30 17:03:03.032,0.0,57.849999999999994,57.85,1.1e-06,1.1e-06,Einfache Sonde
2026-06-30 17:03:03.062,0.0,57.900000000000006,57.9,1.6e-06,1.6e-06,Einfache Sonde
2026-06-30 17:03:03.092,0.0,57.95,57.95,1e-06,1e-06,Einfache Sonde
2026-06-30 17:03:03.123,0.0,58.0,58.0,1.4e-06,1.4e-06,Einfache Sonde
2026-06-30 17:03:03.161,0.0,58.05,58.05,1.6e-06,1.6e-06,Einfache Sonde
2026-06-30 17:03:03.192,0.0,58.099999999999994,58.1,1.2e-06,1.2e-06,Einfache Sonde
2026-06-30 17:03:03.222,0.0,58.150000000000006,58.15,1.7e-06,1.7e-06,Einfache Sonde
2026-06-30 17:03:03.252,0.0,58.2,58.2,1.4e-06,1.4e-06,Einfache Sonde
2026-06-30 17:03:03.283,0.0,58.25,58.25,1.5e-06,1.5e-06,Einfache Sonde
2026-06-30 17:03:03.313,0.0,58.3,58.3,1.6e-06,1.6e-06,Einfache Sonde
2026-06-30 17:03:03.344,0.0,58.349999999999994,58.35,1.1e-06,1.1e-06,Einfache Sonde
2026-06-30 17:03:03.374,0.0,58.400000000000006,58.4,1.7e-06,1.7e-06,Einfache Sonde
2026-06-30 17:03:03.405,0.0,58.45,58.45,9e-07,9e-07,Einfache Sonde
2026-06-30 17:03:03.435,0.0,58.5,58.5,1.8e-06,1.8e-06,Einfache Sonde
2026-06-30 17:03:03.465,0.0,58.55,58.55,1.3e-06,1.3e-06,Einfache Sonde
2026-06-30 17:03:03.496,0.0,58.599999999999994,58.6,1.7e-06,1.7e-06,Einfache Sonde
2026-06-30 17:03:03.526,0.0,58.650000000000006,58.65,1.2e-06,1.2e-06,Einfache Sonde
2026-06-30 17:03:03.557,0.0,58.7,58.7,1.6e-06,1.6e-06,Einfache Sonde
2026-06-30 17:03:03.587,0.0,58.75,58.75,1.1e-06,1.1e-06,Einfache Sonde
2026-06-30 17:03:03.617,0.0,58.8,58.8,1.4e-06,1.4e-06,Einfache Sonde
2026-06-30 17:03:03.648,0.0,58.849999999999994,58.85,1.5e-06,1.5e-06,Einfache Sonde
2026-06-30 17:03:03.686,0.0,58.900000000000006,58.9,1.6e-06,1.6e-06,Einfache Sonde
2026-06-30 17:03:03.716,0.0,58.95,58.95,1.5e-06,1.5e-06,Einfache Sonde
2026-06-30 17:03:03.747,0.0,59.0,59.0,1.5e-06,1.5e-06,Einfache Sonde
2026-06-30 17:03:03.777,0.0,59.05,59.05,1.5e-06,1.5e-06,Einfache Sonde
2026-06-30 17:03:03.808,0.0,59.099999999999994,59.1,1.3e-06,1.3e-06,Einfache Sonde
2026-06-30 17:03:03.838,0.0,59.150000000000006,59.15,1.5e-06,1.5e-06,Einfache Sonde
2026-06-30 17:03:03.869,0.0,59.2,59.2,1.3e-06,1.3e-06,Einfache Sonde
2026-06-30 17:03:03.899,0.0,59.25,59.25,1.4e-06,1.4e-06,Einfache Sonde
2026-06-30 17:03:03.930,0.0,59.3,59.3,1.1e-06,1.1e-06,Einfache Sonde
2026-06-30 17:03:03.960,0.0,59.349999999999994,59.35,1.7e-06,1.7e-06,Einfache Sonde
2026-06-30 17:03:03.991,0.0,59.400000000000006,59.4,1.2e-06,1.2e-06,Einfache Sonde
2026-06-30 17:03:04.022,0.0,59.45,59.45,1.4e-06,1.4e-06,Einfache Sonde
2026-06-30 17:03:04.052,0.0,59.5,59.5,1.1e-06,1.1e-06,Einfache Sonde
2026-06-30 17:03:04.082,0.0,59.55,59.55,1.4e-06,1.4e-06,Einfache Sonde
2026-06-30 17:03:04.113,0.0,59.599999999999994,59.6,1.3e-06,1.3e-06,Einfache Sonde
2026-06-30 17:03:04.143,0.0,59.650000000000006,59.65,1e-06,1e-06,Einfache Sonde
2026-06-30 17:03:04.174,0.0,59.7,59.7,1.5e-06,1.5e-06,Einfache Sonde
2026-06-30 17:03:04.212,0.0,59.75,59.75,1.1e-06,1.1e-06,Einfache Sonde
2026-06-30 17:03:04.242,0.0,59.8,59.8,1.5e-06,1.5e-06,Einfache Sonde
2026-06-30 17:03:04.273,0.0,59.849999999999994,59.85,1.5e-06,1.5e-06,Einfache Sonde
2026-06-30 17:03:04.303,0.0,59.900000000000006,59.9,1.1e-06,1.1e-06,Einfache Sonde
2026-06-30 17:03:04.334,0.0,59.95,59.95,1.7e-06,1.7e-06,Einfache Sonde
2026-06-30 17:03:04.364,0.0,60.0,60.0,1.3e-06,1.3e-06,Einfache Sonde
